Gene1,Gene2
Klf6,Jun
Jun,Klf6
Klf6,Atf3
Atf3,Klf6
Klf6,Btg2
Btg2,Klf6
Lhx2,Ldb1
Ldb1,Lhx2
Mcm7,Rif1
Mcm7,Timeless
Timeless,Mcm7
Mcm7,Rbl1
Rbl1,Mcm7
Mcm7,Cdc20
Mcm7,Uhrf1
Mcm7,Mcm5
Mcm5,Mcm7
Mcm7,Ccnd1
Ccnd1,Mcm7
Mcm7,Espl1
Espl1,Mcm7
Mcm7,Rad51
Rad51,Mcm7
Mcm7,Mcm2
Mcm2,Mcm7
Mcm7,Mcm4
Mcm4,Mcm7
Mcm7,Ccnb1
Mcm7,Rrm2
Mcm7,Msh6
Mcm7,Kntc1
Kntc1,Mcm7
Mcm7,Dnmt1
Dnmt1,Mcm7
Mcm7,Orc2
Orc2,Mcm7
Mcm7,Mcm3
Mcm3,Mcm7
Mcm7,Mcm6
Mcm6,Mcm7
Smarcb1,Gli1
Gli1,Smarcb1
Smarcb1,Hdac2
Hdac2,Smarcb1
Smarcb1,Brd7
Brd7,Smarcb1
Smarcb1,Runx1
Runx1,Smarcb1
Smarcb1,Smarcc2
Smarcc2,Smarcb1
Smarcb1,Trp53
Trp53,Smarcb1
Smarcb1,Smarcd1
Smarcd1,Smarcb1
Smarcb1,Ccnd1
Ccnd1,Smarcb1
Smarcb1,Yeats4
Yeats4,Smarcb1
Smarcb1,Smarca2
Smarca2,Smarcb1
Smarcb1,Smarca4
Smarca4,Smarcb1
Smarcb1,Smarcc1
Smarcc1,Smarcb1
Ilf2,Hnrnpk
Hnrnpk,Ilf2
Ilf2,Ilf3
Ilf3,Ilf2
Ilf2,Matr3
Matr3,Ilf2
Ilf2,Ctsz
Ilf2,Cst3
Ilf2,Ssb
Ssb,Ilf2
Ilf2,Timp2
Ilf2,Ctsd
Ilf2,Srsf3
Srsf3,Ilf2
Mcm6,Uhrf1
Mcm3,Uhrf1
Dnmt1,Uhrf1
Kntc1,Uhrf1
Mcm5,Uhrf1
Mcm4,Uhrf1
Ezh2,Uhrf1
Brca1,Uhrf1
Mcm2,Uhrf1
Ehmt2,Uhrf1
Rad51,Uhrf1
Espl1,Uhrf1
Sp1,Taf6
Taf6,Sp1
Sp1,Usf1
Usf1,Sp1
Sp1,Smad4
Smad4,Sp1
Sp1,Ep300
Ep300,Sp1
Sp1,Ints12
Ints12,Sp1
Sp1,Taf9
Taf9,Sp1
Sp1,Ncoa3
Ncoa3,Sp1
Sp1,Trp53
Trp53,Sp1
Sp1,Snapc3
Snapc3,Sp1
Sp1,Ell2
Ell2,Sp1
Sp1,Ell3
Ell3,Sp1
Sp1,Jun
Jun,Sp1
Sp1,Smad3
Smad3,Sp1
Sp1,Hdac1
Hdac1,Sp1
Sp1,Mdm2
Mdm2,Sp1
Sp1,Mapk8
Mapk8,Sp1
Sp1,Smad2
Smad2,Sp1
Sp1,Taf5
Taf5,Sp1
Sp1,Srrt
Srrt,Sp1
Tulp3,Gli2
Gli2,Tulp3
Ell2,Taf6
Taf6,Ell2
Ell2,Ints12
Ints12,Ell2
Ell2,Taf9
Taf9,Ell2
Ell2,Snapc3
Snapc3,Ell2
Ell2,Mllt1
Mllt1,Ell2
Ell2,Taf5
Taf5,Ell2
Ell2,Ell3
Ell3,Ell2
Ell2,Srrt
Srrt,Ell2
Fxr1,Fxr2
Fxr2,Fxr1
Akt1,Gata3
Gata3,Akt1
Akt1,Dnmt1
Dnmt1,Akt1
Akt1,Mkrn1
Akt1,Sox2
Sox2,Akt1
Akt1,Ndrg1
Akt1,Smad4
Smad4,Akt1
Akt1,Ccnb1
Akt1,Snai1
Snai1,Akt1
Akt1,Myc
Myc,Akt1
Akt1,Ezh2
Ezh2,Akt1
Akt1,Hspa5
Akt1,Igfbp2
Akt1,Atf4
Atf4,Akt1
Akt1,Notch4
Notch4,Akt1
Akt1,Phf20
Phf20,Akt1
Akt1,Gja1
Akt1,Foxo3
Foxo3,Akt1
Akt1,Lrp2
Akt1,Kit
Akt1,Trp53
Trp53,Akt1
Akt1,Vim
Akt1,Klf4
Klf4,Akt1
Akt1,Id2
Id2,Akt1
Akt1,Igf2
Akt1,Twist1
Twist1,Akt1
Akt1,Pdcd4
Akt1,Zeb1
Zeb1,Akt1
Akt1,Trib3
Trib3,Akt1
Akt1,Srebf1
Srebf1,Akt1
Akt1,Ctnnb1
Ctnnb1,Akt1
Akt1,Jun
Jun,Akt1
Akt1,Htt
Htt,Akt1
Akt1,Rela
Rela,Akt1
Akt1,Ikbkb
Ikbkb,Akt1
Akt1,Atf2
Atf2,Akt1
Akt1,Ccnd1
Ccnd1,Akt1
Akt1,Tcl1
Akt1,Bmi1
Bmi1,Akt1
Akt1,Vegfa
Akt1,Smad3
Smad3,Akt1
Akt1,Anxa5
Akt1,Fn1
Akt1,Rapgef3
Rapgef3,Akt1
Akt1,Brca1
Brca1,Akt1
Akt1,Ybx1
Ybx1,Akt1
Akt1,Foxo1
Foxo1,Akt1
Akt1,Notch1
Notch1,Akt1
Akt1,Foxa2
Foxa2,Akt1
Akt1,Atm
Atm,Akt1
Akt1,Tgfb1
Tgfb1,Akt1
Akt1,Egr1
Egr1,Akt1
Akt1,Mdm2
Mdm2,Akt1
Akt1,Hspb1
Hspb1,Akt1
Akt1,Brpf1
Brpf1,Akt1
Akt1,Pdk1
Akt1,Smad2
Smad2,Akt1
Akt1,Parp1
Parp1,Akt1
Akt1,Nrg1
Akt1,Mapk11
Mapk11,Akt1
Akt1,Ilk
Ilk,Akt1
Akt1,Mapk13
Mapk13,Akt1
Akt1,Mapk3
Mapk3,Akt1
Akt1,Pml
Pml,Akt1
Akt1,Txnip
Akt1,Sirt1
Sirt1,Akt1
Akt1,Ncor1
Ncor1,Akt1
Hoxd13,Meis1
Meis1,Hoxd13
Nacc1,Zfp281
Zfp281,Nacc1
Nacc1,Nanog
Nanog,Nacc1
Tgfb1,Smad4
Smad4,Tgfb1
Tgfb1,Snai1
Snai1,Tgfb1
Tgfb1,Srgn
Tgfb1,Ep300
Ep300,Tgfb1
Tgfb1,Sparc
Tgfb1,Trp53
Trp53,Tgfb1
Tgfb1,Vim
Tgfb1,Igf2
Tgfb1,Smad7
Smad7,Tgfb1
Tgfb1,Sdc4
Tgfb1,App
Tgfb1,Ctnnb1
Ctnnb1,Tgfb1
Tgfb1,Lefty2
Tgfb1,Vegfa
Tgfb1,Smad3
Smad3,Tgfb1
Tgfb1,Zfhx3
Zfhx3,Tgfb1
Tgfb1,Serpine2
Tgfb1,Smurf1
Smurf1,Tgfb1
Tgfb1,Fn1
Tgfb1,Runx3
Runx3,Tgfb1
Tgfb1,Gas6
Tgfb1,Ltbp4
Tgfb1,Lefty1
Tgfb1,Smad2
Smad2,Tgfb1
Bmp4,Lamb1
Men1,Lamb1
Csf1,Lamb1
Irf3,Ddx58
Ddx58,Irf3
Irf3,Trim25
Trim25,Irf3
Irf3,Ep300
Ep300,Irf3
Irf3,Myd88
Myd88,Irf3
Irf3,Ctnnb1
Ctnnb1,Irf3
Irf3,Jun
Jun,Irf3
Plag1,Hmga2
Hmga2,Plag1
Mapk8,Tpm4
Xbp1,Calr
Atf6,Calr
Cux1,Eomes
Eomes,Cux1
Cux1,Satb2
Satb2,Cux1
Dnmt1,Rb1
Rb1,Dnmt1
Dnmt1,Hdac2
Hdac2,Dnmt1
Dnmt1,Sox2
Sox2,Dnmt1
Dnmt1,Rbbp4
Rbbp4,Dnmt1
Dnmt1,Ezh2
Ezh2,Dnmt1
Dnmt1,Phf1
Phf1,Dnmt1
Dnmt1,Mcm2
Mcm2,Dnmt1
Dnmt1,Eed
Eed,Dnmt1
Dnmt1,Trp53
Trp53,Dnmt1
Dnmt1,Ctcf
Ctcf,Dnmt1
Dnmt1,Zeb1
Zeb1,Dnmt1
Dnmt1,Sap30
Sap30,Dnmt1
Dnmt1,Jarid2
Jarid2,Dnmt1
Dnmt1,Mtf2
Mtf2,Dnmt1
Dnmt1,Bmi1
Bmi1,Dnmt1
Dnmt1,Rbbp7
Rbbp7,Dnmt1
Dnmt1,Hdac1
Hdac1,Dnmt1
Dnmt1,Tet1
Dnmt1,Tet2
Dnmt1,Mcm5
Mcm5,Dnmt1
Dnmt1,Rbl1
Rbl1,Dnmt1
Dnmt1,Atm
Atm,Dnmt1
Dnmt1,Smarca5
Smarca5,Dnmt1
Dnmt1,Nanog
Nanog,Dnmt1
Dnmt1,Suz12
Suz12,Dnmt1
Dnmt1,Ehmt2
Ehmt2,Dnmt1
Dnmt1,Parp1
Parp1,Dnmt1
Dnmt1,Mbd2
Mbd2,Dnmt1
Dnmt1,Sirt1
Sirt1,Dnmt1
Phb2,Hdac1
Hdac1,Phb2
Ehmt2,Plod3
Mapk13,Dusp9
Mapk13,Trp53
Trp53,Mapk13
Mapk13,Jun
Jun,Mapk13
Mapk13,Atf2
Atf2,Mapk13
Mapk13,Vegfa
Mapk13,Elk1
Elk1,Mapk13
Mapk13,Rapgef3
Rapgef3,Mapk13
Mapk13,Fosl2
Fosl2,Mapk13
Mapk13,Ddit3
Ddit3,Mapk13
Mapk13,Mapk11
Mapk11,Mapk13
Mapk13,Mapk3
Mapk3,Mapk13
Mapk13,Elk4
Elk4,Mapk13
Crabp2,Rara
Rara,Crabp2
Crabp2,Rarg
Rarg,Crabp2
Hspb1,Daxx
Daxx,Hspb1
Hspb1,Hnrnpd
Hnrnpd,Hspb1
Hspb1,Hspa5
Hspb1,Trp53
Trp53,Hspb1
Hspb1,Mapk11
Mapk11,Hspb1
Mycn,Ndrg1
Bmp4,App
Men1,App
Nfkb2,App
Htt,App
Rela,App
Apbb1,App
Grin1,App
Notch1,App
Gnrh1,App
Mapk8,App
Csf1,App
Mcm6,Msh6
Mcm3,Msh6
Mcm4,Msh6
Bard1,Msh6
Mcm2,Msh6
Apex1,Msh6
Xrcc5,Msh6
Rad51,Msh6
Espl1,Msh6
Pms1,Msh6
Mcm5,Msh6
Xrcc6,Msh6
Brca1,Msh6
Ercc8,Msh6
Brca2,Msh6
Atm,Msh6
Timeless,Msh6
Mlxipl,Srebf1
Srebf1,Mlxipl
Mlxipl,Mlxip
Mlxip,Mlxipl
Mlxipl,Txnip
Trim28,Zfp446
Zfp446,Trim28
Trim28,Smarca4
Smarca4,Trim28
Trim28,Zfp398
Zfp398,Trim28
Trim28,Zfp57
Trim28,Krba1
Krba1,Trim28
Trim28,Atm
Atm,Trim28
Trim28,Smarcc1
Smarcc1,Trim28
Trp53,Kit
Bmp4,Kit
Csf1,Kit
Ctcf,Myc
Myc,Ctcf
Ctcf,Igf2
Ctcf,Ubtf
Ubtf,Ctcf
Ctcf,Pax6
Pax6,Ctcf
Ctcf,Suz12
Suz12,Ctcf
Gnrh1,Trh
Tead4,Sox2
Sox2,Tead4
Tead4,Tead1
Tead1,Tead4
Tead4,Runx3
Runx3,Tead4
Tead4,Wwtr1
Wwtr1,Tead4
Tead4,Tcf7
Tcf7,Tead4
Mcm6,Cdc20
Mcm3,Cdc20
Keap1,Cdc20
Kntc1,Cdc20
Mybl2,Cdc20
Mcm4,Cdc20
Mcm2,Cdc20
Trp53,Cdc20
Smurf2,Cdc20
Rnf14,Cdc20
Rad51,Cdc20
Espl1,Cdc20
Trim24,Cdc20
Rnf6,Cdc20
Hmgb2,Cdc20
Rlim,Cdc20
Mcm5,Cdc20
Smurf1,Cdc20
Brca1,Cdc20
Trim32,Cdc20
Kpna2,Cdc20
Trp53,Epha2
Ilk,Nphs1
Ctnnb1,Sox2
Sox2,Ctnnb1
Ctnnb1,Smad4
Smad4,Ctnnb1
Ctnnb1,Snai1
Snai1,Ctnnb1
Ctnnb1,Myc
Myc,Ctnnb1
Ctnnb1,Ep300
Ep300,Ctnnb1
Ctnnb1,Foxo3
Foxo3,Ctnnb1
Ctnnb1,Sox4
Sox4,Ctnnb1
Ctnnb1,Pitx2
Pitx2,Ctnnb1
Ctnnb1,Trp53
Trp53,Ctnnb1
Ctnnb1,Bmp4
Bmp4,Ctnnb1
Ctnnb1,Klf4
Klf4,Ctnnb1
Ctnnb1,Ruvbl1
Ruvbl1,Ctnnb1
Ctnnb1,Smad7
Smad7,Ctnnb1
Ctnnb1,Men1
Men1,Ctnnb1
Ctnnb1,Ctbp1
Ctbp1,Ctnnb1
Ctnnb1,Smarca4
Smarca4,Ctnnb1
Ctnnb1,Trrap
Trrap,Ctnnb1
Ctnnb1,Ctnnbip1
Ctnnbip1,Ctnnb1
Ctnnb1,Jun
Jun,Ctnnb1
Ctnnb1,Gli2
Gli2,Ctnnb1
Ctnnb1,Tcf7
Tcf7,Ctnnb1
Ctnnb1,Sox7
Sox7,Ctnnb1
Ctnnb1,Ccnd1
Ccnd1,Ctnnb1
Ctnnb1,Vegfa
Ctnnb1,Hdac1
Hdac1,Ctnnb1
Ctnnb1,Sox17
Sox17,Ctnnb1
Ctnnb1,Fn1
Ctnnb1,Runx3
Runx3,Ctnnb1
Ctnnb1,Ldb1
Ldb1,Ctnnb1
Ctnnb1,Foxo1
Foxo1,Ctnnb1
Ctnnb1,Notch1
Notch1,Ctnnb1
Ctnnb1,Glul
Ctnnb1,Nanog
Nanog,Ctnnb1
Ctnnb1,Mapk8
Mapk8,Ctnnb1
Ctnnb1,Tle1
Tle1,Ctnnb1
Ctnnb1,Tcf4
Tcf4,Ctnnb1
Ctnnb1,Mapk11
Mapk11,Ctnnb1
Elk1,Srf
Srf,Elk1
Elk1,Mapk8
Mapk8,Elk1
Elk1,Mapk11
Mapk11,Elk1
Elk1,Mapk3
Mapk3,Elk1
Elk1,Elk4
Elk4,Elk1
Med15,Thrap3
Thrap3,Med15
Med15,Med31
Med31,Med15
Med15,Hdac3
Hdac3,Med15
Med15,Ep300
Ep300,Med15
Med15,Med12
Med12,Med15
Med15,Ncoa3
Ncoa3,Med15
Med15,Med21
Med21,Med15
Med15,Med4
Med4,Med15
Med15,Ncor1
Ncor1,Med15
Nanog,Sox2
Sox2,Nanog
Nanog,Alpl
Nanog,Snai1
Snai1,Nanog
Nanog,Myc
Myc,Nanog
Nanog,Ezh2
Ezh2,Nanog
Nanog,Esrrb
Esrrb,Nanog
Nanog,Eomes
Eomes,Nanog
Nanog,Dppa4
Nanog,Trp53
Trp53,Nanog
Nanog,Bmp4
Bmp4,Nanog
Nanog,Zfp42
Zfp42,Nanog
Nanog,Klf4
Klf4,Nanog
Nanog,Jarid2
Jarid2,Nanog
Nanog,Sall1
Sall1,Nanog
Nanog,Tdgf1
Nanog,Sall4
Sall4,Nanog
Nanog,Dppa2
Nanog,Gata4
Gata4,Nanog
Nanog,Foxd3
Foxd3,Nanog
Nanog,Bmi1
Bmi1,Nanog
Nanog,Ddx5
Ddx5,Nanog
Nanog,Tet1
Nanog,Zfp281
Zfp281,Nanog
Nanog,Tet2
Nanog,Utf1
Utf1,Nanog
Nanog,Sox17
Sox17,Nanog
Nanog,Prdm14
Prdm14,Nanog
Nanog,Gata6
Gata6,Nanog
Nanog,Foxa2
Foxa2,Nanog
Nanog,Prdm1
Prdm1,Nanog
Nanog,Tbx3
Tbx3,Nanog
Nanog,Pax6
Pax6,Nanog
Nanog,Klf2
Klf2,Nanog
Nanog,Lefty1
Nanog,Tcf4
Tcf4,Nanog
Nanog,Fgf4
Nanog,Mapk3
Mapk3,Nanog
Nanog,Zic3
Zic3,Nanog
Ehmt2,Hdac2
Hdac2,Ehmt2
Ehmt2,Rbbp4
Rbbp4,Ehmt2
Ehmt2,Snai1
Snai1,Ehmt2
Ehmt2,Myc
Myc,Ehmt2
Ehmt2,Rcor2
Rcor2,Ehmt2
Ehmt2,Yaf2
Yaf2,Ehmt2
Ehmt2,Chd4
Chd4,Ehmt2
Ehmt2,Rnf2
Rnf2,Ehmt2
Ehmt2,Plod1
Ehmt2,Hdac5
Hdac5,Ehmt2
Ehmt2,Trp53
Trp53,Ehmt2
Ehmt2,Plod2
Ehmt2,Jarid2
Jarid2,Ehmt2
Ehmt2,Mta3
Mta3,Ehmt2
Ehmt2,Rbbp7
Rbbp7,Ehmt2
Ehmt2,Hdac1
Hdac1,Ehmt2
Ehmt2,Ubtf
Ubtf,Ehmt2
Ehmt2,Prdm1
Prdm1,Ehmt2
Ehmt2,Suz12
Suz12,Ehmt2
Ehmt2,Sirt1
Sirt1,Ehmt2
Glis2,Ctbp1
Ctbp1,Glis2
Tsg101,Nedd4
Tsg101,Cd63
Csf1,Spp1
Csf1,Vegfa
Csf1,Pdgfra
Csf1,Fn1
Csf1,Apoe
Csf1,Gas6
Csf1,Ckap4
Csf1,Pdia6
Csf1,Lamc1
Csf1,Bmp4
Bmp4,Csf1
Csf1,Lamb2
Csf1,Calu
Csf1,Men1
Men1,Csf1
Csf1,Notum
Csf1,Cst3
Csf1,Nfatc1
Nfatc1,Csf1
Notch4,Maml3
Maml3,Notch4
Notch4,Notch2
Notch2,Notch4
Notch4,Hey2
Hey2,Notch4
Notch4,Dtx1
Dtx1,Notch4
Notch4,Tmed2
Notch4,Smad3
Smad3,Notch4
Notch4,Notch1
Notch1,Notch4
Notch4,Rbpj
Rbpj,Notch4
Notch4,Maml1
Maml1,Notch4
Srf,Nfatc4
Nfatc4,Srf
Srf,Nfatc1
Nfatc1,Srf
Srf,Gata4
Gata4,Srf
Srf,Hopx
Hopx,Srf
Srf,Nfatc3
Nfatc3,Srf
Srf,Hdac4
Hdac4,Srf
Srf,Ets1
Ets1,Srf
Srf,Elk4
Elk4,Srf
Preb,Ctsz
Trim32,Myh9
Brca1,Ccnb1
Brca1,Myc
Myc,Brca1
Brca1,Ezh2
Ezh2,Brca1
Brca1,Rnf2
Rnf2,Brca1
Brca1,Bard1
Bard1,Brca1
Brca1,Trp53
Trp53,Brca1
Brca1,Pias1
Pias1,Brca1
Brca1,Xrcc5
Xrcc5,Brca1
Brca1,Jun
Jun,Brca1
Brca1,Rad51
Rad51,Brca1
Brca1,Cbx7
Cbx7,Brca1
Brca1,Ccnd1
Ccnd1,Brca1
Brca1,Xrcc6
Xrcc6,Brca1
Brca1,Brca2
Brca2,Brca1
Brca1,Atm
Atm,Brca1
Brca1,Phc1
Phc1,Brca1
Brca1,Cbx8
Cbx8,Brca1
Brca1,Timeless
Timeless,Brca1
Brca1,Suz12
Suz12,Brca1
Brca1,Rif1
Brca1,Cbx4
Cbx4,Brca1
Brca1,Parp1
Parp1,Brca1
Suz12,Mtf2
Mtf2,Suz12
Suz12,Hdac2
Hdac2,Suz12
Suz12,Bmi1
Bmi1,Suz12
Suz12,Rbbp4
Rbbp4,Suz12
Suz12,Rbbp7
Rbbp7,Suz12
Suz12,Hdac1
Hdac1,Suz12
Suz12,Ezh2
Ezh2,Suz12
Suz12,Rara
Rara,Suz12
Suz12,Phf1
Phf1,Suz12
Suz12,Rnf2
Rnf2,Suz12
Suz12,Hdac3
Hdac3,Suz12
Suz12,Ezh1
Ezh1,Suz12
Suz12,Cbx6
Cbx6,Suz12
Suz12,Ep300
Ep300,Suz12
Suz12,Phc1
Phc1,Suz12
Suz12,Cbx8
Cbx8,Suz12
Suz12,Rarg
Rarg,Suz12
Suz12,Ncoa3
Ncoa3,Suz12
Suz12,Eed
Eed,Suz12
Suz12,Pax6
Pax6,Suz12
Suz12,Pias2
Pias2,Suz12
Suz12,Rybp
Rybp,Suz12
Suz12,Ncoa6
Ncoa6,Suz12
Suz12,Cbx4
Cbx4,Suz12
Suz12,Jarid2
Jarid2,Suz12
Suz12,Cbx7
Cbx7,Suz12
Suz12,Asxl1
Asxl1,Suz12
Suz12,Ncor1
Ncor1,Suz12
Etv4,Fgf3
Etv4,Fgf10
Etv4,Ncoa3
Ncoa3,Etv4
Mybl2,Mcm3
Mcm3,Mybl2
Mybl2,Rbbp4
Rbbp4,Mybl2
Mybl2,Ccnb1
Mybl2,Espl1
Espl1,Mybl2
Mybl2,Ccnd1
Ccnd1,Mybl2
Mybl2,Hdac1
Hdac1,Mybl2
Mybl2,Rbl1
Rbl1,Mybl2
Mafk,Bach2
Bach2,Mafk
Kpna2,Rrm2
Kpna2,Ccnb1
Kpna2,Mcm5
Mcm5,Kpna2
Tbx3,Sox2
Sox2,Tbx3
Tbx3,Esrrb
Esrrb,Tbx3
Tbx3,Bmp4
Bmp4,Tbx3
Tbx3,Klf4
Klf4,Tbx3
Tbx3,Gata6
Gata6,Tbx3
Tbx3,Mapk3
Mapk3,Tbx3
Aatf,Ddx54
Ddx54,Aatf
Aatf,Dkc1
Aatf,Abt1
Abt1,Aatf
Aatf,Cebpz
Cebpz,Aatf
Aatf,Pdcd11
Pdcd11,Aatf
Aatf,Maged1
Pelp1,Taf1
Taf1,Pelp1
Pelp1,Taf6
Taf6,Pelp1
Pelp1,Ruvbl1
Ruvbl1,Pelp1
Pelp1,Ruvbl2
Ruvbl2,Pelp1
Pelp1,Phf20
Phf20,Pelp1
Pelp1,Rnf2
Rnf2,Pelp1
Pelp1,Hcfc1
Hcfc1,Pelp1
Pelp1,Taf9
Taf9,Pelp1
Nsd1,Plod1
Xab2,Hnrnpk
Hnrnpk,Xab2
Xab2,Ddb1
Ddb1,Xab2
Xab2,Srsf6
Srsf6,Xab2
Xab2,Papola
Papola,Xab2
Xab2,Ddx5
Ddx5,Xab2
Xab2,Tcerg1
Tcerg1,Xab2
Xab2,Stxbp2
Xab2,Ercc3
Ercc3,Xab2
Xab2,Hnrnpd
Hnrnpd,Xab2
Xab2,Srsf3
Srsf3,Xab2
Xab2,Rbmx
Rbmx,Xab2
Xab2,Tcea1
Tcea1,Xab2
Xab2,Ybx1
Ybx1,Xab2
Xab2,Ercc8
Ercc8,Xab2
Xab2,Ep300
Ep300,Xab2
Xab2,Elavl2
Elavl2,Xab2
Xab2,Wbp11
Wbp11,Xab2
Xab2,Plrg1
Plrg1,Xab2
Xab2,Snurf
Xab2,Ctnnbl1
Ctnnbl1,Xab2
Xab2,Srrt
Srrt,Xab2
Xab2,Fus
Fus,Xab2
Mapk8,Dusp9
Mapk11,Dusp9
Mapk3,Dusp9
Hdac2,Rb1
Rb1,Hdac2
Hdac2,Nrip1
Nrip1,Hdac2
Hdac2,Sox2
Sox2,Hdac2
Hdac2,Rbbp4
Rbbp4,Hdac2
Hdac2,Etv3
Etv3,Hdac2
Hdac2,Ctbp2
Hdac2,Rcor2
Rcor2,Hdac2
Hdac2,Ezh2
Ezh2,Hdac2
Hdac2,Chd4
Chd4,Hdac2
Hdac2,Rnf2
Rnf2,Hdac2
Hdac2,Ezh1
Ezh1,Hdac2
Hdac2,Cbx6
Cbx6,Hdac2
Hdac2,Ep300
Ep300,Hdac2
Hdac2,Hdac5
Hdac5,Hdac2
Hdac2,Runx1
Runx1,Hdac2
Hdac2,Eed
Eed,Hdac2
Hdac2,Trp53
Trp53,Hdac2
Hdac2,Smarca2
Smarca2,Hdac2
Hdac2,Ing1
Ing1,Hdac2
Hdac2,Ctbp1
Ctbp1,Hdac2
Hdac2,Smarca4
Smarca4,Hdac2
Hdac2,Phf12
Phf12,Hdac2
Hdac2,Sap30
Sap30,Hdac2
Hdac2,Hdac10
Hdac10,Hdac2
Hdac2,Jarid2
Jarid2,Hdac2
Hdac2,Cbx7
Cbx7,Hdac2
Hdac2,Sall1
Sall1,Hdac2
Hdac2,Mta3
Mta3,Hdac2
Hdac2,Sall4
Sall4,Hdac2
Hdac2,Asxl1
Asxl1,Hdac2
Hdac2,Bmi1
Bmi1,Hdac2
Hdac2,Brd7
Brd7,Hdac2
Hdac2,Rbbp7
Rbbp7,Hdac2
Hdac2,Hdac1
Hdac1,Hdac2
Hdac2,Tet1
Hdac2,Rest
Rest,Hdac2
Hdac2,Ubtf
Ubtf,Hdac2
Hdac2,Hopx
Hopx,Hdac2
Hdac2,Hdac3
Hdac3,Hdac2
Hdac2,Phc1
Phc1,Hdac2
Hdac2,Cbx8
Cbx8,Hdac2
Hdac2,Smarca5
Smarca5,Hdac2
Hdac2,Rbpj
Rbpj,Hdac2
Hdac2,Brpf1
Brpf1,Hdac2
Hdac2,Hdac7
Hdac7,Hdac2
Hdac2,Satb2
Satb2,Hdac2
Hdac2,Hdac4
Hdac4,Hdac2
Hdac2,Cbx4
Cbx4,Hdac2
Hdac2,Rere
Rere,Hdac2
Hdac2,Smarcc1
Smarcc1,Hdac2
Hdac2,Mbd2
Mbd2,Hdac2
Hdac2,Chd5
Chd5,Hdac2
Hdac2,Hdac11
Hdac11,Hdac2
Hdac2,Pml
Pml,Hdac2
Hdac2,Sirt1
Sirt1,Hdac2
Hdac2,Ddx20
Ddx20,Hdac2
Hdac2,Ncor1
Ncor1,Hdac2
Hey2,Gata4
Gata4,Hey2
Hey2,Notch1
Notch1,Hey2
Hey2,Ep300
Ep300,Hey2
Hey2,Notch2
Notch2,Hey2
Hey2,Rbpj
Rbpj,Hey2
Hey2,Maml1
Maml1,Hey2
Tnfaip3,Nfkb2
Nfkb2,Tnfaip3
Tnfaip3,Nfkbia
Nfkbia,Tnfaip3
Tnfaip3,Ikbkb
Ikbkb,Tnfaip3
Keap1,Socs2
Cops2,Socs2
Cry1,Ifitm1
Cry1,Arntl
Arntl,Cry1
Cry1,Nfil3
Nfil3,Cry1
Cry1,Per1
Per1,Cry1
Cry1,Timeless
Timeless,Cry1
Cry1,Npas2
Npas2,Cry1
Trp53,Timp3
Yeats4,Ruvbl2
Ruvbl2,Yeats4
Yeats4,Ep400
Ep400,Yeats4
Yeats4,Tada3
Tada3,Yeats4
Yeats4,Dr1
Dr1,Yeats4
Yeats4,Ing3
Ing3,Yeats4
Yeats4,Ruvbl1
Ruvbl1,Yeats4
Yeats4,Trrap
Trrap,Yeats4
Yeats4,Yeats2
Yeats2,Yeats4
Mdm2,Rb1
Rb1,Mdm2
Mdm2,Daxx
Daxx,Mdm2
Mdm2,Pdgfra
Mdm2,Myc
Myc,Mdm2
Mdm2,Ezh2
Ezh2,Mdm2
Mdm2,Phf20
Phf20,Mdm2
Mdm2,Foxo3
Foxo3,Mdm2
Mdm2,Trp53
Trp53,Mdm2
Mdm2,Pias1
Pias1,Mdm2
Mdm2,Sgk1
Mdm2,Ccnd1
Ccnd1,Mdm2
Mdm2,Runx3
Runx3,Mdm2
Mdm2,Nup210
Mdm2,Myo6
Mdm2,Atm
Atm,Mdm2
Mdm2,Pias2
Pias2,Mdm2
Mdm2,Ccng1
Mdm2,Fgfr3
Mdm2,Pml
Pml,Mdm2
Trp53,Ccng1
Btg2,Cnot3
Cnot3,Btg2
Btg2,Cnot8
Cnot8,Btg2
Btg2,Cnot6
Cnot6,Btg2
Btg2,Cnot7
Cnot7,Btg2
Btg2,Egr1
Egr1,Btg2
Btg2,Cnot2
Cnot2,Btg2
Btg2,Trp53
Trp53,Btg2
Btg2,Atf3
Atf3,Btg2
Btg2,Jun
Jun,Btg2
Srebf1,Ep300
Ep300,Srebf1
Srebf1,Trp53
Trp53,Srebf1
Srebf1,Foxo1
Foxo1,Srebf1
Srebf1,Insig1
Srebf1,Mapk8
Mapk8,Srebf1
Srebf1,Sirt1
Sirt1,Srebf1
Id2,Bmp4
Bmp4,Id2
Id2,Tcf12
Tcf12,Id2
Id2,Nfil3
Nfil3,Id2
Id2,Tcf4
Tcf4,Id2
Id2,Ets1
Ets1,Id2
Mcm6,Rrm2
Mcm3,Rrm2
Kntc1,Rrm2
Nme2,Rrm2
Mcm4,Rrm2
Mcm2,Rrm2
Trp53,Rrm2
Rad51,Rrm2
Espl1,Rrm2
Hmgb2,Rrm2
Mcm5,Rrm2
Ddx5,Hnrnpk
Hnrnpk,Ddx5
Ddx5,Gata3
Gata3,Ddx5
Ddx5,Srsf6
Srsf6,Ddx5
Ddx5,Papola
Papola,Ddx5
Ddx5,Hnrnpd
Hnrnpd,Ddx5
Ddx5,Ep300
Ep300,Ddx5
Ddx5,Elavl2
Elavl2,Ddx5
Ddx5,Ncoa3
Ncoa3,Ddx5
Ddx5,Trp53
Trp53,Ddx5
Ddx5,Wbp11
Wbp11,Ddx5
Ddx5,Plrg1
Plrg1,Ddx5
Ddx5,Snurf
Ddx5,Pdcd11
Pdcd11,Ddx5
Ddx5,Cited1
Cited1,Ddx5
Ddx5,Srsf3
Srsf3,Ddx5
Ddx5,Rbmx
Rbmx,Ddx5
Ddx5,Ybx1
Ybx1,Ddx5
Ddx5,Khdrbs1
Khdrbs1,Ddx5
Ddx5,Ctnnbl1
Ctnnbl1,Ddx5
Ddx5,Srrt
Srrt,Ddx5
Ddx5,Fus
Fus,Ddx5
Med31,Thrap3
Thrap3,Med31
Med31,Hdac3
Hdac3,Med31
Med31,Ep300
Ep300,Med31
Med31,Med12
Med12,Med31
Med31,Ncoa3
Ncoa3,Med31
Med31,Med21
Med21,Med31
Med31,Med4
Med4,Med31
Med31,Ncor1
Ncor1,Med31
Nme2,Taf9
Taf9,Nme2
Per1,Arntl
Arntl,Per1
Per1,Timeless
Timeless,Per1
Per1,Npas2
Npas2,Per1
Per1,Nfil3
Nfil3,Per1
Nfkbia,Trp53
Trp53,Nfkbia
Nfkbia,Nfkb2
Nfkb2,Nfkbia
Nfkbia,Rela
Rela,Nfkbia
Nfkbia,Ikbkb
Ikbkb,Nfkbia
Nfkbia,Mapk8
Mapk8,Nfkbia
Nfkbia,Myd88
Myd88,Nfkbia
Irf4,Gata3
Gata3,Irf4
Irf4,Eomes
Eomes,Irf4
Irf4,Foxo1
Foxo1,Irf4
Irf4,Prdm1
Prdm1,Irf4
Irf4,Mphosph8
Mphosph8,Irf4
Irf4,Myd88
Myd88,Irf4
Dek,Ep300
Ep300,Dek
Dek,Smarca5
Smarca5,Dek
Id4,Trp53
Trp53,Id4
Id4,Tcf4
Tcf4,Id4
Barx1,Bmp4
Bmp4,Barx1
Msx2,Spen
Spen,Msx2
Msx2,Bmp4
Bmp4,Msx2
Pitx1,Egr1
Egr1,Pitx1
Taf9,Taf10
Taf10,Taf9
Taf9,Taf6
Taf6,Taf9
Taf9,Ampd2
Taf9,Ercc3
Ercc3,Taf9
Taf9,Ruvbl2
Ruvbl2,Taf9
Taf9,Tcea1
Tcea1,Taf9
Taf9,Phf20
Phf20,Taf9
Taf9,Rnf2
Rnf2,Taf9
Taf9,Tada3
Tada3,Taf9
Taf9,Ints12
Ints12,Taf9
Taf9,Taf1
Taf1,Taf9
Taf9,Trp53
Trp53,Taf9
Taf9,Snapc3
Snapc3,Taf9
Taf9,Ruvbl1
Ruvbl1,Taf9
Taf9,Trrap
Trrap,Taf9
Taf9,Taf5
Taf5,Taf9
Taf9,Ell3
Ell3,Taf9
Taf9,Srrt
Srrt,Taf9
Taf9,Hcfc1
Hcfc1,Taf9
Sox2,Fgf10
Pitx2,Fgf10
Bmp4,Fgf10
Mapk3,Fgf10
Bmp4,Fst
Gnrh1,Fst
Rb1,Rbbp4
Rbbp4,Rb1
Rb1,Hmga2
Hmga2,Rb1
Rb1,Trp53
Trp53,Rb1
Rb1,Ccnd1
Ccnd1,Rb1
Rb1,Rbbp7
Rbbp7,Rb1
Rb1,Hdac1
Hdac1,Rb1
Rb1,Rbl1
Rbl1,Rb1
Med4,Thrap3
Thrap3,Med4
Med4,Hdac3
Hdac3,Med4
Med4,Ep300
Ep300,Med4
Med4,Med12
Med12,Med4
Med4,Ncoa3
Ncoa3,Med4
Med4,Med21
Med21,Med4
Med4,Ncor1
Ncor1,Med4
Mapk3,Spry2
Myc,Hnrnpk
Hnrnpk,Myc
Myc,Gata3
Gata3,Myc
Myc,Sox2
Sox2,Myc
Myc,Smad4
Smad4,Myc
Myc,Ccnb1
Myc,Snai1
Snai1,Myc
Myc,Ezh2
Ezh2,Myc
Myc,Odc1
Myc,Ep300
Ep300,Myc
Myc,Foxo3
Foxo3,Myc
Myc,Trp53
Trp53,Myc
Myc,Bmp4
Bmp4,Myc
Myc,Klf4
Klf4,Myc
Myc,Smarca4
Smarca4,Myc
Myc,Trrap
Trrap,Myc
Myc,Gls
Myc,Jun
Jun,Myc
Myc,Ccnd1
Ccnd1,Myc
Myc,Bmi1
Bmi1,Myc
Myc,Vegfa
Myc,Anxa5
Myc,Bin1
Bin1,Myc
Myc,Trim32
Trim32,Myc
Myc,Foxo1
Foxo1,Myc
Myc,Notch1
Notch1,Myc
Myc,Atm
Atm,Myc
Myc,Prdm1
Prdm1,Myc
Myc,Mapk8
Mapk8,Myc
Myc,Parp1
Parp1,Myc
Myc,Mapk3
Mapk3,Myc
Myc,Sirt1
Sirt1,Myc
Ilk,Parvb
Hes1,Notch1
Notch1,Hes1
Hes1,Notch2
Notch2,Hes1
Hes1,Rbpj
Rbpj,Hes1
Hes1,Sirt1
Sirt1,Hes1
Mcm4,Mcm6
Mcm6,Mcm4
Mcm4,Mcm3
Mcm3,Mcm4
Mcm4,Orc2
Orc2,Mcm4
Mcm4,Ccnb1
Mcm4,Mcm2
Mcm2,Mcm4
Mcm4,Trp53
Trp53,Mcm4
Mcm4,Rad51
Rad51,Mcm4
Mcm4,Espl1
Espl1,Mcm4
Mcm4,Mcm5
Mcm5,Mcm4
Mcm4,Timeless
Timeless,Mcm4
Mcm4,Rif1
Mcm4,Ect2
Mcm4,Ung
Dab2,Tfrc
Bin1,Tfrc
Brwd1,Smarca4
Smarca4,Brwd1
Runx1,Gata3
Gata3,Runx1
Runx1,Bmi1
Bmi1,Runx1
Runx1,Elf1
Elf1,Runx1
Runx1,Hdac1
Hdac1,Runx1
Runx1,Ctbp2
Runx1,Elf2
Elf2,Runx1
Runx1,Runx3
Runx3,Runx1
Runx1,Ldb1
Ldb1,Runx1
Runx1,Yaf2
Yaf2,Runx1
Runx1,Rnf2
Rnf2,Runx1
Runx1,Cbx6
Cbx6,Runx1
Runx1,Ep300
Ep300,Runx1
Runx1,Phc1
Phc1,Runx1
Runx1,Cbx8
Cbx8,Runx1
Runx1,Smarcc2
Smarcc2,Runx1
Runx1,Smarca2
Smarca2,Runx1
Runx1,Rybp
Rybp,Runx1
Runx1,Tcf12
Tcf12,Runx1
Runx1,Cbx4
Cbx4,Runx1
Runx1,Ctbp1
Ctbp1,Runx1
Runx1,Smarca4
Smarca4,Runx1
Runx1,Smarcc1
Smarcc1,Runx1
Runx1,Scmh1
Scmh1,Runx1
Runx1,Ets1
Ets1,Runx1
Runx1,Zfpm1
Zfpm1,Runx1
Runx1,Pml
Pml,Runx1
Runx1,Smarcd1
Smarcd1,Runx1
Runx1,Ccnd1
Ccnd1,Runx1
Smarcd1,Brd7
Brd7,Smarcd1
Smarcd1,Smarca5
Smarca5,Smarcd1
Smarcd1,Smarcc2
Smarcc2,Smarcd1
Smarcd1,Smarca2
Smarca2,Smarcd1
Smarcd1,Smarca4
Smarca4,Smarcd1
Smarcd1,Smarcc1
Smarcc1,Smarcd1
Smarcd1,Ccnd1
Ccnd1,Smarcd1
Smarcd1,Ncor1
Ncor1,Smarcd1
Atf1,Creb3
Creb3,Atf1
Atf1,Xbp1
Xbp1,Atf1
Atf1,Atf4
Atf4,Atf1
Atf1,Creb5
Creb5,Atf1
Atf1,Atf3
Atf3,Atf1
Atf1,Atf2
Atf2,Atf1
Nfatc4,Gata4
Gata4,Nfatc4
Nfatc4,Nfatc3
Nfatc3,Nfatc4
Tfeb,Ctsd
Tfeb,Foxo1
Foxo1,Tfeb
Tfeb,Tfe3
Tfe3,Tfeb
Tfeb,Mitf
Mitf,Tfeb
Cebpz,Ddx54
Ddx54,Cebpz
Cebpz,Dkc1
Cebpz,Pdcd11
Pdcd11,Cebpz
Epas1,Cited2
Cited2,Epas1
Epas1,Ep300
Ep300,Epas1
Epas1,Arntl
Arntl,Epas1
Epas1,Arnt2
Arnt2,Epas1
Epas1,Commd3
Mllt1,Ercc3
Ercc3,Mllt1
Mllt1,Meis1
Meis1,Mllt1
Mllt1,Tcea1
Tcea1,Mllt1
Mllt1,Cbx8
Cbx8,Mllt1
Mllt1,Ell3
Ell3,Mllt1
Zeb1,Sox2
Sox2,Zeb1
Zeb1,Smad3
Smad3,Zeb1
Zeb1,Ctbp2
Zeb1,Fn1
Zeb1,Zeb2
Zeb2,Zeb1
Zeb1,Vim
Zeb1,Smad2
Smad2,Zeb1
Zeb1,Twist1
Twist1,Zeb1
Zeb1,Ctbp1
Ctbp1,Zeb1
Zeb1,Ets1
Ets1,Zeb1
Zeb1,Sirt1
Sirt1,Zeb1
Bin1,Hip1
Bin1,Apoe
Bin1,Lrp2
Bin1,Dab2
Dab2,Bin1
Ercc3,Ddb1
Ddb1,Ercc3
Ercc3,Taf10
Taf10,Ercc3
Ercc3,Taf6
Taf6,Ercc3
Ercc3,Cops2
Cops2,Ercc3
Ercc3,Ubtf
Ubtf,Ercc3
Ercc3,Tcea1
Tcea1,Ercc3
Ercc3,Tbpl1
Tbpl1,Ercc3
Ercc3,Ercc8
Ercc8,Ercc3
Ercc3,Ep300
Ep300,Ercc3
Ercc3,Taf1
Taf1,Ercc3
Ercc3,Pias1
Pias1,Ercc3
Ercc3,Ddb2
Ddb2,Ercc3
Ercc3,Parp1
Parp1,Ercc3
Ercc3,Taf5
Taf5,Ercc3
Ercc3,Pias3
Pias3,Ercc3
Tcerg1,Naa15
Naa15,Tcerg1
Tcerg1,Plrg1
Plrg1,Tcerg1
Tcerg1,Snurf
Tcerg1,Htt
Htt,Tcerg1
Smad4,Snai1
Snai1,Smad4
Smad4,Hmga2
Hmga2,Smad4
Smad4,Bmp6
Bmp6,Smad4
Smad4,Foxo3
Foxo3,Smad4
Smad4,Trp53
Trp53,Smad4
Smad4,Tgif1
Tgif1,Smad4
Smad4,Bmp4
Bmp4,Smad4
Smad4,Smurf2
Smurf2,Smad4
Smad4,Men1
Men1,Smad4
Smad4,Tcf7
Tcf7,Smad4
Smad4,Ccnd1
Ccnd1,Smad4
Smad4,Gata4
Gata4,Smad4
Smad4,Vegfa
Smad4,Smad3
Smad3,Smad4
Smad4,Hdac1
Hdac1,Smad4
Smad4,Rbl1
Rbl1,Smad4
Smad4,Smurf1
Smurf1,Smad4
Smad4,Runx3
Runx3,Smad4
Smad4,Hopx
Hopx,Smad4
Smad4,Skil
Skil,Smad4
Smad4,Mapk8
Mapk8,Smad4
Smad4,Foxh1
Foxh1,Smad4
Smad4,Smad2
Smad2,Smad4
Smad4,Wwtr1
Wwtr1,Smad4
Smad4,Parp1
Parp1,Smad4
Smad4,Mapk3
Mapk3,Smad4
Smad4,Ncor1
Ncor1,Smad4
Ddb1,Tcea1
Tcea1,Ddb1
Ddb1,Ep300
Ep300,Ddb1
Ddb1,Trp53
Trp53,Ddb1
Ddb1,Pias1
Pias1,Ddb1
Ddb1,Ruvbl1
Ruvbl1,Ddb1
Ddb1,Plrg1
Plrg1,Ddb1
Ddb1,Pias3
Pias3,Ddb1
Ddb1,Rbbp7
Rbbp7,Ddb1
Ddb1,Cops2
Cops2,Ddb1
Ddb1,Xrcc6
Xrcc6,Ddb1
Ddb1,Ercc8
Ercc8,Ddb1
Ddb1,Atm
Atm,Ddb1
Ddb1,Commd3
Ddb1,Ddb2
Ddb2,Ddb1
Ddb1,Parp1
Parp1,Ddb1
Ddb1,Ung
Gata3,Il33
Myd88,Il33
Dmrt1,Gata4
Gata4,Dmrt1
Smarca2,Smarcc2
Smarcc2,Smarca2
Smarca2,Smarca4
Smarca4,Smarca2
Smarca2,Ccnd1
Ccnd1,Smarca2
Smarca2,Brd7
Brd7,Smarca2
Smarca2,Smarcc1
Smarcc1,Smarca2
Smarca2,Ncor1
Ncor1,Smarca2
Rela,Ep300
Ep300,Rela
Rela,Bcl3
Bcl3,Rela
Rela,Trp53
Trp53,Rela
Rela,Nfkb2
Nfkb2,Rela
Rela,Jun
Jun,Rela
Rela,Ikbkb
Ikbkb,Rela
Rela,Pias3
Pias3,Rela
Rela,Hdac1
Hdac1,Rela
Rela,Klf2
Klf2,Rela
Rela,Mapk8
Mapk8,Rela
Rela,Irf1
Irf1,Rela
Rela,Myd88
Myd88,Rela
Rela,Sirt1
Sirt1,Rela
Esrra,Nrip1
Nrip1,Esrra
Esrra,Ncor1
Ncor1,Esrra
Taf5,Taf10
Taf10,Taf5
Taf5,Taf6
Taf6,Taf5
Taf5,Tcea1
Tcea1,Taf5
Taf5,Tbpl1
Tbpl1,Taf5
Taf5,Tada3
Tada3,Taf5
Taf5,Ints12
Ints12,Taf5
Taf5,Taf1
Taf1,Taf5
Taf5,Trp53
Trp53,Taf5
Taf5,Snapc3
Snapc3,Taf5
Taf5,Trrap
Trrap,Taf5
Taf5,Ell3
Ell3,Taf5
Taf5,Srrt
Srrt,Taf5
Gli1,Gli2
Gli2,Gli1
Gli1,Ccnd1
Ccnd1,Gli1
Gli1,Bmi1
Bmi1,Gli1
Gli1,Foxa2
Foxa2,Gli1
Ddit3,Xbp1
Xbp1,Ddit3
Ddit3,Hspa5
Ddit3,Atf4
Atf4,Ddit3
Ddit3,Trib3
Trib3,Ddit3
Ddit3,Jun
Jun,Ddit3
Ddit3,Atf6
Atf6,Ddit3
Ddit3,Mapk8
Mapk8,Ddit3
Ddit3,Atf3
Atf3,Ddit3
Ddit3,Mapk11
Mapk11,Ddit3
Sirt3,Foxo3
Foxo3,Sirt3
Sirt3,Trp53
Trp53,Sirt3
Sirt3,Xrcc6
Xrcc6,Sirt3
Sirt3,Foxo1
Foxo1,Sirt3
Sirt3,Hdac11
Hdac11,Sirt3
Cbx8,Bmi1
Bmi1,Cbx8
Cbx8,Rbbp4
Rbbp4,Cbx8
Cbx8,Rbbp7
Rbbp7,Cbx8
Cbx8,Ezh2
Ezh2,Cbx8
Cbx8,Yaf2
Yaf2,Cbx8
Cbx8,Rnf2
Rnf2,Cbx8
Cbx8,Ezh1
Ezh1,Cbx8
Cbx8,Cbx6
Cbx6,Cbx8
Cbx8,Phc1
Phc1,Cbx8
Cbx8,Bard1
Bard1,Cbx8
Cbx8,Eed
Eed,Cbx8
Cbx8,Rybp
Rybp,Cbx8
Cbx8,Cbx4
Cbx4,Cbx8
Cbx8,Ctbp1
Ctbp1,Cbx8
Cbx8,Scmh1
Scmh1,Cbx8
Cbx8,Mapk11
Mapk11,Cbx8
Cbx8,Jarid2
Jarid2,Cbx8
Cbx8,Cbx7
Cbx7,Cbx8
Cbx8,Asxl1
Asxl1,Cbx8
Cbx4,Bmi1
Bmi1,Cbx4
Cbx4,Rbbp4
Rbbp4,Cbx4
Cbx4,Rbbp7
Rbbp7,Cbx4
Cbx4,Ezh2
Ezh2,Cbx4
Cbx4,Rnf2
Rnf2,Cbx4
Cbx4,Ezh1
Ezh1,Cbx4
Cbx4,Cbx6
Cbx6,Cbx4
Cbx4,Phc1
Phc1,Cbx4
Cbx4,Bard1
Bard1,Cbx4
Cbx4,Eed
Eed,Cbx4
Cbx4,Rybp
Rybp,Cbx4
Cbx4,Ctbp1
Ctbp1,Cbx4
Cbx4,Scmh1
Scmh1,Cbx4
Cbx4,Mapk11
Mapk11,Cbx4
Cbx4,Cbx7
Cbx7,Cbx4
Cbx4,Asxl1
Asxl1,Cbx4
Smad7,Keap1
Keap1,Smad7
Smad7,Nedd4
Smad7,Bmp4
Bmp4,Smad7
Smad7,Smurf2
Smurf2,Smad7
Smad7,Smad3
Smad3,Smad7
Smad7,Smurf1
Smurf1,Smad7
Smad7,Skil
Skil,Smad7
Smad7,Mapk8
Mapk8,Smad7
Smad7,Smad2
Smad2,Smad7
Sox17,Gata4
Gata4,Sox17
Sox17,Sox2
Sox2,Sox17
Sox17,Gata6
Gata6,Sox17
Sox17,Eomes
Eomes,Sox17
Sox17,Foxa2
Foxa2,Sox17
Sox17,Sox4
Sox4,Sox17
Sox17,Pax6
Pax6,Sox17
Sox17,Bmp4
Bmp4,Sox17
Sox17,Klf4
Klf4,Sox17
Sox17,Tcf7
Tcf7,Sox17
Sox17,Sox7
Sox7,Sox17
Orc2,Mcm6
Mcm6,Orc2
Orc2,Mcm3
Mcm3,Orc2
Orc2,Mcm5
Mcm5,Orc2
Orc2,Mcm2
Mcm2,Orc2
Stat4,Ep300
Ep300,Stat4
Stat4,Pias1
Pias1,Stat4
Stat4,Pias3
Pias3,Stat4
Stat4,Pias2
Pias2,Stat4
Xrcc5,Xrcc6
Xrcc6,Xrcc5
Xrcc5,Ercc8
Ercc8,Xrcc5
Xrcc5,Brca2
Brca2,Xrcc5
Xrcc5,Atm
Atm,Xrcc5
Xrcc5,Rif1
Xrcc5,Parp1
Parp1,Xrcc5
Xrcc5,Rad51
Rad51,Xrcc5
Bard1,Rnf2
Rnf2,Bard1
Bard1,Trp53
Trp53,Bard1
Bard1,Rad51
Rad51,Bard1
Bard1,Cbx7
Cbx7,Bard1
Bard1,Brca2
Brca2,Bard1
Bard1,Atm
Atm,Bard1
Bard1,Phc1
Phc1,Bard1
Bard1,Timeless
Timeless,Bard1
Bard1,Rif1
Trp53,Serpine2
Mcm6,Mcm3
Mcm3,Mcm6
Mcm6,Kntc1
Kntc1,Mcm6
Mcm6,Ccnb1
Mcm6,Mcm2
Mcm2,Mcm6
Mcm6,Rad51
Rad51,Mcm6
Mcm6,Espl1
Espl1,Mcm6
Mcm6,Mcm5
Mcm5,Mcm6
Mcm6,Timeless
Timeless,Mcm6
Mcm6,Smarca5
Smarca5,Mcm6
Mcm6,Rif1
Bmp4,Lamc1
Men1,Lamc1
Parp1,Trp53
Trp53,Parp1
Parp1,Pias1
Pias1,Parp1
Parp1,Smarca4
Smarca4,Parp1
Parp1,Apex1
Apex1,Parp1
Parp1,Pias3
Pias3,Parp1
Parp1,Smad3
Smad3,Parp1
Parp1,Anxa5
Parp1,Xrcc6
Xrcc6,Parp1
Parp1,Brca2
Brca2,Parp1
Parp1,Atm
Atm,Parp1
Parp1,Timeless
Timeless,Parp1
Parp1,Ddb2
Ddb2,Parp1
Parp1,Smad2
Smad2,Parp1
Parp1,Mapk3
Mapk3,Parp1
Parp1,Sirt1
Sirt1,Parp1
Atf3,Xbp1
Xbp1,Atf3
Atf3,Atf4
Atf4,Atf3
Atf3,Trp53
Trp53,Atf3
Atf3,Jun
Jun,Atf3
Atf3,Atf2
Atf2,Atf3
Atf3,Ccnd1
Ccnd1,Atf3
Atf3,Smad3
Smad3,Atf3
Atf3,Egr1
Egr1,Atf3
Atf3,Atf6
Atf6,Atf3
Atf3,Mapk8
Mapk8,Atf3
Atf6,Edem1
Atf6,Xbp1
Xbp1,Atf6
Atf6,Hspa5
Atf6,Atf4
Atf4,Atf6
Atf6,Mapk8
Mapk8,Atf6
Snai1,Vim
Zeb2,Vim
Twist1,Vim
Bmi1,Sox2
Sox2,Bmi1
Bmi1,Rbbp4
Rbbp4,Bmi1
Bmi1,Ezh2
Ezh2,Bmi1
Bmi1,Yaf2
Yaf2,Bmi1
Bmi1,Rnf2
Rnf2,Bmi1
Bmi1,Ezh1
Ezh1,Bmi1
Bmi1,Cbx6
Cbx6,Bmi1
Bmi1,Eed
Eed,Bmi1
Bmi1,Trp53
Trp53,Bmi1
Bmi1,Rybp
Rybp,Bmi1
Bmi1,Ctbp1
Ctbp1,Bmi1
Bmi1,Scmh1
Scmh1,Bmi1
Bmi1,Cbx7
Cbx7,Bmi1
Bmi1,Sall4
Sall4,Bmi1
Bmi1,Asxl1
Asxl1,Bmi1
Bmi1,Rbbp7
Rbbp7,Bmi1
Bmi1,Atm
Atm,Bmi1
Bmi1,Phc1
Phc1,Bmi1
Bmi1,Mapk11
Mapk11,Bmi1
Notch1,Gata3
Gata3,Notch1
Notch1,Maml3
Maml3,Notch1
Notch1,Snai1
Snai1,Notch1
Notch1,Ezh2
Ezh2,Notch1
Notch1,Ep300
Ep300,Notch1
Notch1,Trp53
Trp53,Notch1
Notch1,Notch2
Notch2,Notch1
Notch1,Klf4
Klf4,Notch1
Notch1,Dtx1
Dtx1,Notch1
Notch1,Tmed2
Notch1,Ccnd1
Ccnd1,Notch1
Notch1,Vegfa
Notch1,Runx3
Runx3,Notch1
Notch1,Rbpj
Rbpj,Notch1
Notch1,Maml1
Maml1,Notch1
Grin1,Htt
Htt,Grin1
Grin1,Eps8
Grin1,Mapk3
Mapk3,Grin1
Pax8,Eya1
Eya1,Pax8
Ell3,Snapc3
Snapc3,Ell3
Ell3,Taf6
Taf6,Ell3
Ell3,Srrt
Srrt,Ell3
Ell3,Ints12
Ints12,Ell3
Ddb2,Rbbp7
Rbbp7,Ddb2
Ddb2,Cops2
Cops2,Ddb2
Ddb2,Ercc8
Ercc8,Ddb2
Ddb2,Trp53
Trp53,Ddb2
Ddb2,Commd3
Ddb2,Pias1
Pias1,Ddb2
Ddb2,Ruvbl1
Ruvbl1,Ddb2
Ddb2,Pias3
Pias3,Ddb2
Rad51,Mcm3
Mcm3,Rad51
Rad51,Kntc1
Kntc1,Rad51
Rad51,Ccnb1
Rad51,Mcm2
Mcm2,Rad51
Rad51,Trp53
Trp53,Rad51
Rad51,Mcm5
Mcm5,Rad51
Rad51,Xrcc6
Xrcc6,Rad51
Rad51,Brca2
Brca2,Rad51
Rad51,Atm
Atm,Rad51
Rad51,Ect2
Bmp4,Cst3
Men1,Cst3
Sall4,Sox2
Sox2,Sall4
Sall4,Rbbp4
Rbbp4,Sall4
Sall4,Rbbp7
Rbbp7,Sall4
Sall4,Hdac1
Hdac1,Sall4
Sall4,Utf1
Utf1,Sall4
Sall4,Chd4
Chd4,Sall4
Sall4,Esrrb
Esrrb,Sall4
Sall4,Dppa4
Sall4,Smarca4
Smarca4,Sall4
Sall4,Mta3
Mta3,Sall4
Rbl1,Mcm3
Mcm3,Rbl1
Rbl1,Rbbp4
Rbbp4,Rbl1
Rbl1,Ccnb1
Rbl1,Trp53
Trp53,Rbl1
Rbl1,Ccnd1
Ccnd1,Rbl1
Rbl1,Smad3
Smad3,Rbl1
Rbl1,Hdac1
Hdac1,Rbl1
Rbl1,Smad2
Smad2,Rbl1
Ctnnbl1,Hnrnpk
Hnrnpk,Ctnnbl1
Ctnnbl1,Srsf6
Srsf6,Ctnnbl1
Ctnnbl1,Papola
Papola,Ctnnbl1
Ctnnbl1,Sfpq
Sfpq,Ctnnbl1
Ctnnbl1,Hnrnpd
Hnrnpd,Ctnnbl1
Ctnnbl1,Srsf3
Srsf3,Ctnnbl1
Ctnnbl1,Rbmx
Rbmx,Ctnnbl1
Ctnnbl1,Ybx1
Ybx1,Ctnnbl1
Ctnnbl1,Elavl2
Elavl2,Ctnnbl1
Ctnnbl1,Khdrbs1
Khdrbs1,Ctnnbl1
Ctnnbl1,Wbp11
Wbp11,Ctnnbl1
Ctnnbl1,Matr3
Matr3,Ctnnbl1
Ctnnbl1,Plrg1
Plrg1,Ctnnbl1
Ctnnbl1,Snurf
Ctnnbl1,Srrt
Srrt,Ctnnbl1
Ctnnbl1,Fus
Fus,Ctnnbl1
Trp53,Anxa5
Ccnd1,Anxa5
Mapk8,Anxa5
Mapk3,Anxa5
Naa15,Ssb
Ssb,Naa15
Ints12,Taf6
Taf6,Ints12
Ints12,Snapc3
Snapc3,Ints12
Ints12,Srrt
Srrt,Ints12
Snapc3,Taf6
Taf6,Snapc3
Snapc3,Srrt
Srrt,Snapc3
Psip1,Men1
Men1,Psip1
Sfpq,Hnrnpk
Hnrnpk,Sfpq
Sfpq,Nup210
Sfpq,Nono
Nono,Sfpq
Sfpq,Wbp11
Wbp11,Sfpq
Sfpq,Matr3
Matr3,Sfpq
Sfpq,Fus
Fus,Sfpq
Dnajc2,Hspa5
Dnajc2,Ssb
Ssb,Dnajc2
Chd5,Nrip1
Nrip1,Chd5
Chd5,Rbbp4
Rbbp4,Chd5
Chd5,Etv3
Etv3,Chd5
Chd5,Chd4
Chd4,Chd5
Chd5,Hdac5
Hdac5,Chd5
Chd5,Phf12
Phf12,Chd5
Chd5,Zfp219
Zfp219,Chd5
Chd5,Sap30
Sap30,Chd5
Chd5,Hdac10
Hdac10,Chd5
Chd5,Sall1
Sall1,Chd5
Chd5,Mta3
Mta3,Chd5
Chd5,Rbbp7
Rbbp7,Chd5
Chd5,Hdac1
Hdac1,Chd5
Chd5,Hdac3
Hdac3,Chd5
Chd5,Smarca5
Smarca5,Chd5
Chd5,Hdac7
Hdac7,Chd5
Chd5,Satb2
Satb2,Chd5
Chd5,Hdac4
Hdac4,Chd5
Chd5,Rere
Rere,Chd5
Chd5,Mbd2
Mbd2,Chd5
Chd5,Hdac11
Hdac11,Chd5
Chd5,Sirt1
Sirt1,Chd5
Chd5,Ddx20
Ddx20,Chd5
Fosl2,Jun
Jun,Fosl2
Fosl2,Jund
Jund,Fosl2
Fosl2,Mapk8
Mapk8,Fosl2
Fosl2,Mapk11
Mapk11,Fosl2
Dr1,Ruvbl2
Ruvbl2,Dr1
Dr1,Ep400
Ep400,Dr1
Dr1,Tada3
Tada3,Dr1
Dr1,Btaf1
Btaf1,Dr1
Dr1,Ing3
Ing3,Dr1
Dr1,Ruvbl1
Ruvbl1,Dr1
Dr1,Trrap
Trrap,Dr1
Dr1,Yeats2
Yeats2,Dr1
Kntc1,Mcm3
Mcm3,Kntc1
Kntc1,Rcc2
Kntc1,Ccnb1
Kntc1,Mcm5
Mcm5,Kntc1
Kntc1,Mcm2
Mcm2,Kntc1
Kntc1,Ect2
Kntc1,Espl1
Espl1,Kntc1
Mcm3,Ung
Apex1,Ung
Mcm5,Ung
Ddx54,Abt1
Abt1,Ddx54
Ddx54,Pdcd11
Pdcd11,Ddx54
Ddx54,Dkc1
Dtx1,Notch2
Notch2,Dtx1
Dtx1,Rbpj
Rbpj,Dtx1
Ing3,Ruvbl2
Ruvbl2,Ing3
Ing3,Ep400
Ep400,Ing3
Ing3,Tada3
Tada3,Ing3
Ing3,Ruvbl1
Ruvbl1,Ing3
Ing3,Trrap
Trrap,Ing3
Ing3,Yeats2
Yeats2,Ing3
Bmp4,Calu
Men1,Calu
Trim24,Trp53
Trp53,Trim24
Keap1,Mkrn1
Rnf6,Mkrn1
Rlim,Mkrn1
Smurf1,Mkrn1
Trim32,Mkrn1
Smurf2,Mkrn1
Rnf14,Mkrn1
Ruvbl1,Rbbp4
Rbbp4,Ruvbl1
Ruvbl1,Taf6
Taf6,Ruvbl1
Ruvbl1,Ruvbl2
Ruvbl2,Ruvbl1
Ruvbl1,Phf20
Phf20,Ruvbl1
Ruvbl1,Rnf2
Rnf2,Ruvbl1
Ruvbl1,Tada3
Tada3,Ruvbl1
Ruvbl1,Taf1
Taf1,Ruvbl1
Ruvbl1,Trrap
Trrap,Ruvbl1
Ruvbl1,Tcf7
Tcf7,Ruvbl1
Ruvbl1,Yeats2
Yeats2,Ruvbl1
Ruvbl1,Rbbp7
Rbbp7,Ruvbl1
Ruvbl1,Hdac1
Hdac1,Ruvbl1
Ruvbl1,Cops2
Cops2,Ruvbl1
Ruvbl1,Ep400
Ep400,Ruvbl1
Ruvbl1,Dkc1
Ruvbl1,Smarca5
Smarca5,Ruvbl1
Ruvbl1,Tle1
Tle1,Ruvbl1
Ruvbl1,Hcfc1
Hcfc1,Ruvbl1
Nono,Nup210
Hdac4,Nup210
Pml,Nup210
Tada3,Taf10
Taf10,Tada3
Tada3,Taf6
Taf6,Tada3
Tada3,Ruvbl2
Ruvbl2,Tada3
Tada3,Ep400
Ep400,Tada3
Tada3,Trp53
Trp53,Tada3
Tada3,Trrap
Trrap,Tada3
Tada3,Yeats2
Yeats2,Tada3
Med21,Thrap3
Thrap3,Med21
Med21,Hdac3
Hdac3,Med21
Med21,Ep300
Ep300,Med21
Med21,Med12
Med12,Med21
Med21,Ncoa3
Ncoa3,Med21
Med21,Ncor1
Ncor1,Med21
Ilk,Snai1
Snai1,Ilk
Ilk,Ccnd1
Ccnd1,Ilk
Nono,Hnrnpk
Hnrnpk,Nono
Rbbp7,Hnrnpk
Hnrnpk,Rbbp7
Rbbp7,Nrip1
Nrip1,Rbbp7
Rbbp7,Rbbp4
Rbbp4,Rbbp7
Rbbp7,Etv3
Etv3,Rbbp7
Rbbp7,Ezh2
Ezh2,Rbbp7
Rbbp7,Rara
Rara,Rbbp7
Rbbp7,Phf1
Phf1,Rbbp7
Rbbp7,Chd4
Chd4,Rbbp7
Rbbp7,Rnf2
Rnf2,Rbbp7
Rbbp7,Ezh1
Ezh1,Rbbp7
Rbbp7,Cbx6
Cbx6,Rbbp7
Rbbp7,Ep300
Ep300,Rbbp7
Rbbp7,Hdac5
Hdac5,Rbbp7
Rbbp7,Rarg
Rarg,Rbbp7
Rbbp7,Ncoa3
Ncoa3,Rbbp7
Rbbp7,Eed
Eed,Rbbp7
Rbbp7,Trp53
Trp53,Rbbp7
Rbbp7,Ncoa6
Ncoa6,Rbbp7
Rbbp7,Phf12
Phf12,Rbbp7
Rbbp7,Sap30
Sap30,Rbbp7
Rbbp7,Hdac10
Hdac10,Rbbp7
Rbbp7,Jarid2
Jarid2,Rbbp7
Rbbp7,Cbx7
Cbx7,Rbbp7
Rbbp7,Sall1
Sall1,Rbbp7
Rbbp7,Mta3
Mta3,Rbbp7
Rbbp7,Asxl1
Asxl1,Rbbp7
Rbbp7,Mtf2
Mtf2,Rbbp7
Rbbp7,Brd7
Brd7,Rbbp7
Rbbp7,Hdac1
Hdac1,Rbbp7
Rbbp7,Cops2
Cops2,Rbbp7
Rbbp7,Ubtf
Ubtf,Rbbp7
Rbbp7,Hdac3
Hdac3,Rbbp7
Rbbp7,Ercc8
Ercc8,Rbbp7
Rbbp7,Phc1
Phc1,Rbbp7
Rbbp7,Smarca5
Smarca5,Rbbp7
Rbbp7,Pax6
Pax6,Rbbp7
Rbbp7,Commd3
Rbbp7,Brpf1
Brpf1,Rbbp7
Rbbp7,Hdac7
Hdac7,Rbbp7
Rbbp7,Satb2
Satb2,Rbbp7
Rbbp7,Hdac4
Hdac4,Rbbp7
Rbbp7,Rere
Rere,Rbbp7
Rbbp7,Mbd2
Mbd2,Rbbp7
Rbbp7,Hdac11
Hdac11,Rbbp7
Rbbp7,Pml
Pml,Rbbp7
Rbbp7,Sirt1
Sirt1,Rbbp7
Rbbp7,Ddx20
Ddx20,Rbbp7
Rbbp7,Ncor1
Ncor1,Rbbp7
Hcfc1,Taf6
Taf6,Hcfc1
Hcfc1,Creb3
Creb3,Hcfc1
Hcfc1,Ruvbl2
Ruvbl2,Hcfc1
Hcfc1,Phf20
Phf20,Hcfc1
Hcfc1,Rnf2
Rnf2,Hcfc1
Hcfc1,Taf1
Taf1,Hcfc1
Hcfc1,Asxl1
Asxl1,Hcfc1
Ruvbl2,Dkc1
Pdcd11,Dkc1
Ssb,Dkc1
Bmp4,Gas6
Men1,Gas6
Ikbkb,Foxo3
Foxo3,Ikbkb
Ikbkb,Trp53
Trp53,Ikbkb
Ikbkb,Nfkb2
Nfkb2,Ikbkb
Ikbkb,Foxo1
Foxo1,Ikbkb
Ikbkb,Myd88
Myd88,Ikbkb
Sap30,Nrip1
Nrip1,Sap30
Sap30,Rbbp4
Rbbp4,Sap30
Sap30,Hdac1
Hdac1,Sap30
Sap30,Chd4
Chd4,Sap30
Sap30,Hdac3
Hdac3,Sap30
Sap30,Hdac5
Hdac5,Sap30
Sap30,Smarca5
Smarca5,Sap30
Sap30,Hdac7
Hdac7,Sap30
Sap30,Satb2
Satb2,Sap30
Sap30,Hdac4
Hdac4,Sap30
Sap30,Phf12
Phf12,Sap30
Sap30,Rere
Rere,Sap30
Sap30,Hdac10
Hdac10,Sap30
Sap30,Mbd2
Mbd2,Sap30
Sap30,Sall1
Sall1,Sap30
Sap30,Hdac11
Hdac11,Sap30
Sap30,Ncor1
Ncor1,Sap30
Brd7,Rbbp4
Rbbp4,Brd7
Brd7,Hdac1
Hdac1,Brd7
Brd7,Chd4
Chd4,Brd7
Brd7,Ep300
Ep300,Brd7
Brd7,Smarcc2
Smarcc2,Brd7
Brd7,Trp53
Trp53,Brd7
Brd7,Brpf1
Brpf1,Brd7
Brd7,Smarca4
Smarca4,Brd7
Brd7,Smarcc1
Smarcc1,Brd7
Brd7,Pml
Pml,Brd7
Sall1,Nrip1
Nrip1,Sall1
Sall1,Sox2
Sox2,Sall1
Sall1,Rbbp4
Rbbp4,Sall1
Sall1,Etv3
Etv3,Sall1
Sall1,Hdac1
Hdac1,Sall1
Sall1,Eya1
Eya1,Sall1
Sall1,Chd4
Chd4,Sall1
Sall1,Hdac3
Hdac3,Sall1
Sall1,Hdac5
Hdac5,Sall1
Sall1,Smarca5
Smarca5,Sall1
Sall1,Hdac7
Hdac7,Sall1
Sall1,Satb2
Satb2,Sall1
Sall1,Hdac4
Hdac4,Sall1
Sall1,Six1
Six1,Sall1
Sall1,Phf12
Phf12,Sall1
Sall1,Rere
Rere,Sall1
Sall1,Hdac10
Hdac10,Sall1
Sall1,Mbd2
Mbd2,Sall1
Sall1,Hdac11
Hdac11,Sall1
Sall1,Sirt1
Sirt1,Sall1
Sall1,Ddx20
Ddx20,Sall1
Pax1,D230025D16Rik
Ets1,Trp53
Trp53,Ets1
Ets1,Jun
Jun,Ets1
Ets1,Runx3
Runx3,Ets1
Ets1,Foxo1
Foxo1,Ets1
Ets1,Prdm1
Prdm1,Ets1
Ets1,Mapk3
Mapk3,Ets1
Smarca4,Ezh2
Ezh2,Smarca4
Smarca4,Smarcc2
Smarcc2,Smarca4
Smarca4,Trp53
Trp53,Smarca4
Smarca4,Klf4
Klf4,Smarca4
Smarca4,Trrap
Trrap,Smarca4
Smarca4,Tcf7
Tcf7,Smarca4
Smarca4,Ccnd1
Ccnd1,Smarca4
Smarca4,Gata4
Gata4,Smarca4
Smarca4,Hdac1
Hdac1,Smarca4
Smarca4,Ep400
Ep400,Smarca4
Smarca4,Pax6
Pax6,Smarca4
Smarca4,Tle1
Tle1,Smarca4
Smarca4,Smarcc1
Smarcc1,Smarca4
Keap1,Nedd4
Smurf2,Nedd4
Rnf14,Nedd4
Rnf6,Nedd4
Smad3,Nedd4
Rlim,Nedd4
Smurf1,Nedd4
Trim32,Nedd4
Smad2,Nedd4
Trp53,Anxa2
Smad3,Keap1
Keap1,Smad3
Smad3,Snai1
Snai1,Smad3
Smad3,Hmga2
Hmga2,Smad3
Smad3,Ep300
Ep300,Smad3
Smad3,Zeb2
Zeb2,Smad3
Smad3,Foxo3
Foxo3,Smad3
Smad3,Trp53
Trp53,Smad3
Smad3,Tgif1
Tgif1,Smad3
Smad3,Smurf2
Smurf2,Smad3
Smad3,Men1
Men1,Smad3
Smad3,Jun
Jun,Smad3
Smad3,Gata4
Gata4,Smad3
Smad3,Hdac1
Hdac1,Smad3
Smad3,Smurf1
Smurf1,Smad3
Smad3,Fn1
Smad3,Runx3
Runx3,Smad3
Smad3,Foxo1
Foxo1,Smad3
Smad3,Skil
Skil,Smad3
Smad3,Mapk8
Mapk8,Smad3
Smad3,Foxh1
Foxh1,Smad3
Smad3,Smad2
Smad2,Smad3
Smad3,Wwtr1
Wwtr1,Smad3
Smad3,Mapk3
Mapk3,Smad3
Smad3,Ncor1
Ncor1,Smad3
Tbx18,Gata4
Gata4,Tbx18
Eomes,Gata3
Gata3,Eomes
Eomes,Sox2
Sox2,Eomes
Eomes,Bmp4
Bmp4,Eomes
Eomes,Nfil3
Nfil3,Eomes
Eomes,Tcf7
Tcf7,Eomes
Eomes,Runx3
Runx3,Eomes
Eomes,Prdm1
Prdm1,Eomes
Eomes,Pax6
Pax6,Eomes
Eomes,Smad2
Smad2,Eomes
Sos2,Mras
Zfp42,Tdgf1
Utf1,Tdgf1
Foxh1,Tdgf1
Smad2,Tdgf1
Myd88,Ddx58
Ddx58,Myd88
Myd88,Mapk8
Mapk8,Myd88
Myd88,Irf1
Irf1,Myd88
Myd88,Nfkb2
Nfkb2,Myd88
Wwtr1,Amotl2
Klf4,Tcl1
Esrrb,Tcl1
Dab2,Myo6
Foxh1,Lefty1
Foxh1,Smad2
Smad2,Foxh1
Hdac3,Nrip1
Nrip1,Hdac3
Hdac3,Rbbp4
Rbbp4,Hdac3
Hdac3,Ezh2
Ezh2,Hdac3
Hdac3,Rara
Rara,Hdac3
Hdac3,Chd4
Chd4,Hdac3
Hdac3,Ep300
Ep300,Hdac3
Hdac3,Hdac5
Hdac5,Hdac3
Hdac3,Arntl
Arntl,Hdac3
Hdac3,Rarg
Rarg,Hdac3
Hdac3,Ncoa3
Ncoa3,Hdac3
Hdac3,Eed
Eed,Hdac3
Hdac3,Ncoa6
Ncoa6,Hdac3
Hdac3,Phf12
Phf12,Hdac3
Hdac3,Hdac10
Hdac10,Hdac3
Hdac3,Thrap3
Thrap3,Hdac3
Hdac3,Jdp2
Jdp2,Hdac3
Hdac3,Hdac1
Hdac1,Hdac3
Hdac3,Med12
Med12,Hdac3
Hdac3,Npas2
Npas2,Hdac3
Hdac3,Hdac7
Hdac7,Hdac3
Hdac3,Satb2
Satb2,Hdac3
Hdac3,Hdac4
Hdac4,Hdac3
Hdac3,Rere
Rere,Hdac3
Hdac3,Mbd2
Mbd2,Hdac3
Hdac3,Hdac11
Hdac11,Hdac3
Hdac3,Sirt1
Sirt1,Hdac3
Hdac3,Ncor1
Ncor1,Hdac3
Cited2,Ep300
Ep300,Cited2
Cited2,Foxo3
Foxo3,Cited2
Cited2,Trp53
Trp53,Cited2
Creb5,Creb3
Creb3,Creb5
Creb5,Atf4
Atf4,Creb5
Creb5,Ep300
Ep300,Creb5
Creb5,Atf7
Atf7,Creb5
Creb5,Jund
Jund,Creb5
Creb5,Jun
Jun,Creb5
Creb5,Mapk3
Mapk3,Creb5
Creb5,Atf2
Atf2,Creb5
Brca2,Trp53
Trp53,Brca2
Brca2,Xrcc6
Xrcc6,Brca2
Brca2,Atm
Atm,Brca2
Btg1,Cnot8
Cnot8,Btg1
Btg1,Cnot7
Cnot7,Btg1
Cnot3,Cnot8
Cnot8,Cnot3
Cnot3,Cnot6
Cnot6,Cnot3
Cnot3,Cnot7
Cnot7,Cnot3
Cnot3,Cnot2
Cnot2,Cnot3
Hnrnpk,Srsf6
Srsf6,Hnrnpk
Hnrnpk,Papola
Papola,Hnrnpk
Hnrnpk,Hnrnpd
Hnrnpd,Hnrnpk
Hnrnpk,Srsf3
Srsf3,Hnrnpk
Hnrnpk,Rbmx
Rbmx,Hnrnpk
Hnrnpk,Ybx1
Ybx1,Hnrnpk
Hnrnpk,Elavl2
Elavl2,Hnrnpk
Hnrnpk,Trp53
Trp53,Hnrnpk
Hnrnpk,Khdrbs1
Khdrbs1,Hnrnpk
Hnrnpk,Wbp11
Wbp11,Hnrnpk
Hnrnpk,Mapk8
Mapk8,Hnrnpk
Hnrnpk,Ilf3
Ilf3,Hnrnpk
Hnrnpk,Matr3
Matr3,Hnrnpk
Hnrnpk,Plrg1
Plrg1,Hnrnpk
Hnrnpk,Snurf
Hnrnpk,Srrt
Srrt,Hnrnpk
Hnrnpk,Ssb
Ssb,Hnrnpk
Hnrnpk,Rbmxl2
Rbmxl2,Hnrnpk
Hnrnpk,Fus
Fus,Hnrnpk
Twist1,Sox2
Sox2,Twist1
Twist1,Snai1
Snai1,Twist1
Twist1,Zeb2
Zeb2,Twist1
Twist1,Trp53
Trp53,Twist1
Twist1,Fn1
Rbpj,Maml3
Maml3,Rbpj
Rbpj,Spen
Spen,Rbpj
Rbpj,Hdac1
Hdac1,Rbpj
Rbpj,Ctbp2
Rbpj,Runx3
Runx3,Rbpj
Rbpj,Ep300
Ep300,Rbpj
Rbpj,Trp53
Trp53,Rbpj
Rbpj,Notch2
Notch2,Rbpj
Rbpj,Maml1
Maml1,Rbpj
Rbpj,Ctbp1
Ctbp1,Rbpj
Rbpj,Nfatc1
Nfatc1,Rbpj
Rfxap,Rfx5
Rfx5,Rfxap
Sox2,Lefty1
Pitx2,Lefty1
Klf4,Lefty1
Otx2,Lefty1
Trib3,Atf4
Atf4,Trib3
Gata6,Sox2
Sox2,Gata6
Gata6,Klf4
Klf4,Gata6
Gata6,Zfpm1
Zfpm1,Gata6
Gata6,Sox7
Sox7,Gata6
Gata6,Foxa2
Foxa2,Gata6
Ddx58,Trim25
Trim25,Ddx58
Ddx58,Irf1
Irf1,Ddx58
Ddx58,Mapk3
Mapk3,Ddx58
Apex1,Trp53
Trp53,Apex1
Srrt,Srsf6
Srsf6,Srrt
Srrt,Papola
Papola,Srrt
Srrt,Taf6
Taf6,Srrt
Srrt,Hnrnpd
Hnrnpd,Srrt
Srrt,Srsf3
Srsf3,Srrt
Srrt,Rbmx
Rbmx,Srrt
Srrt,Ybx1
Ybx1,Srrt
Srrt,Elavl2
Elavl2,Srrt
Srrt,Wbp11
Wbp11,Srrt
Srrt,Plrg1
Plrg1,Srrt
Srrt,Snurf
Srrt,Fus
Fus,Srrt
Phf20,Taf6
Taf6,Phf20
Phf20,Ruvbl2
Ruvbl2,Phf20
Phf20,Rnf2
Rnf2,Phf20
Phf20,Taf1
Taf1,Phf20
Phf20,Trp53
Trp53,Phf20
Hdac11,Nrip1
Nrip1,Hdac11
Hdac11,Rbbp4
Rbbp4,Hdac11
Hdac11,Chd4
Chd4,Hdac11
Hdac11,Hdac5
Hdac5,Hdac11
Hdac11,Phf12
Phf12,Hdac11
Hdac11,Hdac10
Hdac10,Hdac11
Hdac11,Hdac1
Hdac1,Hdac11
Hdac11,Hdac7
Hdac7,Hdac11
Hdac11,Satb2
Satb2,Hdac11
Hdac11,Hdac4
Hdac4,Hdac11
Hdac11,Rere
Rere,Hdac11
Hdac11,Sirt2
Sirt2,Hdac11
Hdac11,Mbd2
Mbd2,Hdac11
Hdac11,Sirt1
Sirt1,Hdac11
Hdac11,Ncor1
Ncor1,Hdac11
Nfya,Nfyb
Nfyb,Nfya
Prdm14,Sox2
Sox2,Prdm14
Prdm14,Esrrb
Esrrb,Prdm14
Prdm14,Jarid2
Jarid2,Prdm14
Smarca5,Mcm3
Mcm3,Smarca5
Smarca5,Rbbp4
Rbbp4,Smarca5
Smarca5,Etv3
Etv3,Smarca5
Smarca5,Chd4
Chd4,Smarca5
Smarca5,Ep300
Ep300,Smarca5
Smarca5,Hdac5
Hdac5,Smarca5
Smarca5,Smarcc2
Smarcc2,Smarca5
Smarca5,Hdac1
Hdac1,Smarca5
Smarca5,Smarcc1
Smarcc1,Smarca5
Smarca5,Sirt1
Sirt1,Smarca5
Smarca5,Ddx20
Ddx20,Smarca5
Zfhx3,Runx3
Runx3,Zfhx3
Zfhx3,Pitx2
Pitx2,Zfhx3
Zfhx3,Pias3
Pias3,Zfhx3
Mitf,Foxd3
Foxd3,Mitf
Mitf,Tfe3
Tfe3,Mitf
Mitf,Pax6
Pax6,Mitf
Mitf,Mapk3
Mapk3,Mitf
Mitf,Pias3
Pias3,Mitf
Phf12,Nrip1
Nrip1,Phf12
Phf12,Rbbp4
Rbbp4,Phf12
Phf12,Chd4
Chd4,Phf12
Phf12,Hdac5
Hdac5,Phf12
Phf12,Hdac10
Hdac10,Phf12
Phf12,Hdac1
Hdac1,Phf12
Phf12,Hdac7
Hdac7,Phf12
Phf12,Satb2
Satb2,Phf12
Phf12,Hdac4
Hdac4,Phf12
Phf12,Rere
Rere,Phf12
Phf12,Mbd2
Mbd2,Phf12
Hmgxb4,Ncor1
Ncor1,Hmgxb4
Ndn,Trp53
Trp53,Ndn
Ndn,Snurf
Ndn,Foxo1
Foxo1,Ndn
Ndn,Gnrh1
Gnrh1,Ndn
Abt1,Pdcd11
Pdcd11,Abt1
Foxa2,Sox2
Sox2,Foxa2
Foxa2,Bmp4
Bmp4,Foxa2
Foxa2,Otx2
Otx2,Foxa2
Foxa2,Gli2
Gli2,Foxa2
Foxa2,Gata4
Gata4,Foxa2
Foxa2,Pax6
Pax6,Foxa2
Foxa2,Hes6
Hes6,Foxa2
Foxa2,Sirt1
Sirt1,Foxa2
Six5,Eya1
Eya1,Six5
Mycn,Sox2
Sox2,Mycn
Mycn,Ezh2
Ezh2,Mycn
Mycn,Trp53
Trp53,Mycn
Mycn,Klf4
Klf4,Mycn
Mycn,Ccnd1
Ccnd1,Mycn
Mycn,Sirt1
Sirt1,Mycn
Arntl,Ep300
Ep300,Arntl
Arntl,Timeless
Timeless,Arntl
Arntl,Npas2
Npas2,Arntl
Arntl,Nfil3
Nfil3,Arntl
Arntl,Sirt1
Sirt1,Arntl
Arntl,Ncor1
Ncor1,Arntl
Topors,Trp53
Trp53,Topors
Pitx2,Lefty2
Taf6,Taf10
Taf10,Taf6
Taf6,Ruvbl2
Ruvbl2,Taf6
Taf6,Tcea1
Tcea1,Taf6
Taf6,Rnf2
Rnf2,Taf6
Taf6,Tbpl1
Tbpl1,Taf6
Taf6,Taf1
Taf1,Taf6
Taf6,Trp53
Trp53,Taf6
Taf6,Btaf1
Btaf1,Taf6
Taf6,Trrap
Trrap,Taf6
Rarg,Rbbp4
Rbbp4,Rarg
Rarg,Meis1
Meis1,Rarg
Rarg,Ezh2
Ezh2,Rarg
Rarg,Rara
Rara,Rarg
Rarg,Ep300
Ep300,Rarg
Rarg,Ncoa3
Ncoa3,Rarg
Rarg,Eed
Eed,Rarg
Rarg,Ncoa6
Ncoa6,Rarg
Rarg,Ncor1
Ncor1,Rarg
Ep400,Ruvbl2
Ruvbl2,Ep400
Ep400,Hmga2
Hmga2,Ep400
Ep400,Ep300
Ep300,Ep400
Ep400,Trp53
Trp53,Ep400
Ep400,Trrap
Trrap,Ep400
Ep400,Yeats2
Yeats2,Ep400
Keap1,Commd3
Cops2,Commd3
Ercc8,Commd3
Bmp4,Ckap4
Men1,Ckap4
Runx3,Gata3
Gata3,Runx3
Runx3,Maml3
Maml3,Runx3
Runx3,Tead1
Tead1,Runx3
Runx3,Smurf1
Smurf1,Runx3
Runx3,Tead3
Tead3,Runx3
Runx3,Ep300
Ep300,Runx3
Runx3,Trp53
Trp53,Runx3
Runx3,Smurf2
Smurf2,Runx3
Runx3,Hdac4
Hdac4,Runx3
Runx3,Maml1
Maml1,Runx3
Runx3,Tcf7
Tcf7,Runx3
Runx3,Ccnd1
Ccnd1,Runx3
Snai1,Sox2
Sox2,Snai1
Snai1,Rcor2
Rcor2,Snai1
Snai1,Ezh2
Ezh2,Snai1
Snai1,Trp53
Trp53,Snai1
Snai1,Jun
Jun,Snai1
Snai1,Fn1
Snai1,Smad2
Smad2,Snai1
Foxo3,Ep300
Ep300,Foxo3
Foxo3,Trp53
Trp53,Foxo3
Foxo3,Sgk1
Foxo3,Jun
Jun,Foxo3
Foxo3,Foxo1
Foxo1,Foxo3
Foxo3,Atm
Atm,Foxo3
Foxo3,Bnip3
Foxo3,Mapk8
Mapk8,Foxo3
Foxo3,Smad2
Smad2,Foxo3
Foxo3,Sirt2
Sirt2,Foxo3
Foxo3,Mapk11
Mapk11,Foxo3
Foxo3,Mapk3
Mapk3,Foxo3
Foxo3,Sirt1
Sirt1,Foxo3
Patz1,Ncor1
Ncor1,Patz1
Mapk3,Fgf3
Mapk3,Atf4
Atf4,Mapk3
Mapk3,Trim25
Trim25,Mapk3
Mapk3,Gja1
Mapk3,Trp53
Trp53,Mapk3
Mapk3,Klf4
Klf4,Mapk3
Mapk3,Jun
Jun,Mapk3
Mapk3,Atf2
Atf2,Mapk3
Mapk3,Ccnd1
Ccnd1,Mapk3
Mapk3,Vegfa
Mapk3,Cald1
Mapk3,Fn1
Mapk3,Ubtf
Ubtf,Mapk3
Mapk3,Foxo1
Foxo1,Mapk3
Mapk3,Egr1
Egr1,Mapk3
Mapk3,Smad2
Smad2,Mapk3
Mapk3,Fgf4
Mapk3,Mapk11
Mapk11,Mapk3
Mapk3,Fgfr3
Mapk3,Elk4
Elk4,Mapk3
Nrip1,Gata3
Gata3,Nrip1
Nrip1,Rbbp4
Rbbp4,Nrip1
Nrip1,Hdac1
Hdac1,Nrip1
Nrip1,Rara
Rara,Nrip1
Nrip1,Chd4
Chd4,Nrip1
Nrip1,Esrrb
Esrrb,Nrip1
Nrip1,Ep300
Ep300,Nrip1
Nrip1,Hdac5
Hdac5,Nrip1
Nrip1,Ncoa3
Ncoa3,Nrip1
Nrip1,Pias1
Pias1,Nrip1
Nrip1,Hdac7
Hdac7,Nrip1
Nrip1,Satb2
Satb2,Nrip1
Nrip1,Hdac4
Hdac4,Nrip1
Nrip1,Rere
Rere,Nrip1
Nrip1,Hdac10
Hdac10,Nrip1
Nrip1,Mbd2
Mbd2,Nrip1
Nrip1,Pias3
Pias3,Nrip1
Nrip1,Ncor1
Ncor1,Nrip1
Bmp4,Pdia6
Men1,Pdia6
Sox2,Fn1
Zeb2,Fn1
Bmp4,Fn1
Men1,Fn1
Jun,Fn1
Smad2,Fn1
Npas2,Ep300
Ep300,Npas2
Npas2,Timeless
Timeless,Npas2
Npas2,Nfil3
Nfil3,Npas2
Npas2,Ncor1
Ncor1,Npas2
Preb,Tmed2
Notch2,Tmed2
Gli2,Bmp4
Bmp4,Gli2
Gli2,Ccnd1
Ccnd1,Gli2
Xbp1,Edem1
Xbp1,Hspa5
Xbp1,Atf4
Atf4,Xbp1
Xbp1,Prdm1
Prdm1,Xbp1
Xbp1,Mapk8
Mapk8,Xbp1
Xbp1,Atf2
Atf2,Xbp1
Foxo1,Atf4
Atf4,Foxo1
Foxo1,Ebf1
Ebf1,Foxo1
Foxo1,Trp53
Trp53,Foxo1
Foxo1,Sgk1
Foxo1,Ccnd1
Ccnd1,Foxo1
Foxo1,Klf2
Klf2,Foxo1
Foxo1,Mapk8
Mapk8,Foxo1
Foxo1,Smad2
Smad2,Foxo1
Foxo1,Hdac4
Hdac4,Foxo1
Foxo1,Sirt2
Sirt2,Foxo1
Foxo1,Mapk11
Mapk11,Foxo1
Foxo1,Sirt1
Sirt1,Foxo1
Sox2,Fgf4
Utf1,Fgf4
Bmp4,Fgf4
Dab2,Ubqln2
Fus,Ubqln2
Timeless,Mcm3
Mcm3,Timeless
Timeless,Mcm5
Mcm5,Timeless
Timeless,Atm
Atm,Timeless
Timeless,Mcm2
Mcm2,Timeless
Timeless,Espl1
Espl1,Timeless
Zfpm1,Gata3
Gata3,Zfpm1
Zfpm1,Ctbp2
Zfpm1,Ep300
Ep300,Zfpm1
Zfpm1,Ctbp1
Ctbp1,Zfpm1
Zfpm1,Gata4
Gata4,Zfpm1
Zfpm1,Ldb1
Ldb1,Zfpm1
Men1,Spp1
Men1,Hdac1
Hdac1,Men1
Men1,Apoe
Men1,Jund
Jund,Men1
Men1,Bmp4
Bmp4,Men1
Men1,Tle1
Tle1,Men1
Men1,Lamb2
Men1,Smad2
Smad2,Men1
Men1,Ctbp1
Ctbp1,Men1
Men1,Notum
Men1,Tcf7
Tcf7,Men1
Six1,Sox2
Sox2,Six1
Six1,Eya1
Eya1,Six1
Six1,Pax6
Pax6,Six1
Six1,Bmp4
Bmp4,Six1
Dab2,Hip1
Htt,Hip1
Ssbp4,Lmo4
Lmo4,Ssbp4
Ssbp4,Ldb1
Ldb1,Ssbp4
Mcm3,Ccnb1
Mcm3,Mcm2
Mcm2,Mcm3
Mcm3,Espl1
Espl1,Mcm3
Mcm3,Mcm5
Mcm5,Mcm3
Mcm3,Atm
Atm,Mcm3
Mcm3,Rif1
Maml1,Maml3
Maml3,Maml1
Maml1,Notch2
Notch2,Maml1
Maml1,Ep300
Ep300,Maml1
Ercc8,Cops2
Cops2,Ercc8
Ercc8,Tcea1
Tcea1,Ercc8
Ercc8,Xrcc6
Xrcc6,Ercc8
Ercc8,Atm
Atm,Ercc8
Ercc8,Ep300
Ep300,Ercc8
Jdp2,Jund
Jund,Jdp2
Jdp2,Jun
Jun,Jdp2
Zmynd11,Ncor1
Ncor1,Zmynd11
Chd4,Rbbp4
Rbbp4,Chd4
Chd4,Etv3
Etv3,Chd4
Chd4,Ezh2
Ezh2,Chd4
Chd4,Ep300
Ep300,Chd4
Chd4,Hdac5
Hdac5,Chd4
Chd4,Trp53
Trp53,Chd4
Chd4,Hdac10
Hdac10,Chd4
Chd4,Mta3
Mta3,Chd4
Chd4,Hdac1
Hdac1,Chd4
Chd4,Ubtf
Ubtf,Chd4
Chd4,Brpf1
Brpf1,Chd4
Chd4,Hdac7
Hdac7,Chd4
Chd4,Satb2
Satb2,Chd4
Chd4,Hdac4
Hdac4,Chd4
Chd4,Rere
Rere,Chd4
Chd4,Mbd2
Mbd2,Chd4
Chd4,Pml
Pml,Chd4
Chd4,Sirt1
Sirt1,Chd4
Chd4,Ddx20
Ddx20,Chd4
Chd4,Ncor1
Ncor1,Chd4
Tead1,Wwtr1
Wwtr1,Tead1
Tead1,Tcf7
Tcf7,Tead1
Mcm2,Ccnb1
Mcm2,Mcm5
Mcm5,Mcm2
Mcm2,Rif1
Trim32,Keap1
Keap1,Trim32
Trim32,Trim25
Trim25,Trim32
Trim32,Smurf2
Smurf2,Trim32
Trim32,Rnf14
Rnf14,Trim32
Trim32,Rnf6
Rnf6,Trim32
Trim32,Rlim
Rlim,Trim32
Trim32,Smurf1
Smurf1,Trim32
Ing1,Hdac1
Hdac1,Ing1
Rcor2,Hdac1
Hdac1,Rcor2
Rcor2,Rest
Rest,Rcor2
Espl1,Rcc2
Espl1,Ccnb1
Espl1,Mcm5
Mcm5,Espl1
Gata4,Gja1
Dab2,Gja1
Klf2,Sox2
Sox2,Klf2
Klf2,Esrrb
Esrrb,Klf2
Mlxip,Txnip
Nfil3,Gata3
Gata3,Nfil3
Sp8,Pax6
Pax6,Sp8
Ilf3,Srsf3
Srsf3,Ilf3
Ilf3,Matr3
Matr3,Ilf3
Hmgb2,Ccnb1
Hmgb2,Trp53
Trp53,Hmgb2
Khdrbs1,Wbp11
Wbp11,Khdrbs1
Khdrbs1,Srsf3
Srsf3,Khdrbs1
Khdrbs1,Rbmx
Rbmx,Khdrbs1
Ep300,Gata3
Gata3,Ep300
Ep300,Maml3
Maml3,Ep300
Ep300,Rbbp4
Rbbp4,Ep300
Ep300,Usf1
Usf1,Ep300
Ep300,Meis1
Meis1,Ep300
Ep300,Ezh2
Ezh2,Ep300
Ep300,Atf4
Atf4,Ep300
Ep300,Rara
Rara,Ep300
Ep300,Tcea1
Tcea1,Ep300
Ep300,Ncoa3
Ncoa3,Ep300
Ep300,Eed
Eed,Ep300
Ep300,Trp53
Trp53,Ep300
Ep300,Notch2
Notch2,Ep300
Ep300,Ncoa6
Ncoa6,Ep300
Ep300,Tcf12
Tcf12,Ep300
Ep300,Jun
Jun,Ep300
Ep300,Cited1
Cited1,Ep300
Ep300,Tcf7
Tcf7,Ep300
Ep300,Atf2
Atf2,Ep300
Ep300,Ccnd1
Ccnd1,Ep300
Ep300,Gata4
Gata4,Ep300
Ep300,Thrap3
Thrap3,Ep300
Ep300,Creb3
Creb3,Ep300
Ep300,Hdac1
Hdac1,Ep300
Ep300,Med12
Med12,Ep300
Ep300,Pax6
Pax6,Ep300
Ep300,Tle1
Tle1,Ep300
Ep300,Brpf1
Brpf1,Ep300
Ep300,Smad2
Smad2,Ep300
Ep300,Hdac4
Hdac4,Ep300
Ep300,Tcf4
Tcf4,Ep300
Ep300,Pml
Pml,Ep300
Ep300,Sirt1
Sirt1,Ep300
Ep300,Ncor1
Ncor1,Ep300
Gata4,Sox2
Sox2,Gata4
Gata4,Ezh2
Ezh2,Gata4
Gata4,Bmp4
Bmp4,Gata4
Gata4,Klf4
Klf4,Gata4
Gata4,Jarid2
Jarid2,Gata4
Gata4,Nfatc1
Nfatc1,Gata4
Gata4,Sox7
Sox7,Gata4
Gata4,Hopx
Hopx,Gata4
Gata4,Nfatc3
Nfatc3,Gata4
Gata4,Pax6
Pax6,Gata4
Gata4,Smad2
Smad2,Gata4
Xrcc6,Atm
Atm,Xrcc6
Xrcc6,Trp53
Trp53,Xrcc6
Xrcc6,Rif1
Xrcc6,Sirt1
Sirt1,Xrcc6
Mta3,Rbbp4
Rbbp4,Mta3
Mta3,Hdac1
Hdac1,Mta3
Mta3,Ubtf
Ubtf,Mta3
Mta3,Mbd2
Mbd2,Mta3
Ncor1,Rbbp4
Rbbp4,Ncor1
Ncor1,Ezh2
Ezh2,Ncor1
Ncor1,Rara
Rara,Ncor1
Ncor1,Esrrb
Esrrb,Ncor1
Ncor1,Hdac5
Hdac5,Ncor1
Ncor1,Ncoa3
Ncoa3,Ncor1
Ncor1,Eed
Eed,Ncor1
Ncor1,Trp53
Trp53,Ncor1
Ncor1,Pias1
Pias1,Ncor1
Ncor1,Ncoa6
Ncoa6,Ncor1
Ncor1,Hdac10
Hdac10,Ncor1
Ncor1,Jun
Jun,Ncor1
Ncor1,Thrap3
Thrap3,Ncor1
Ncor1,Hdac1
Hdac1,Ncor1
Ncor1,Med12
Med12,Ncor1
Ncor1,Skil
Skil,Ncor1
Ncor1,Pax6
Pax6,Ncor1
Ncor1,Hdac7
Hdac7,Ncor1
Ncor1,Smad2
Smad2,Ncor1
Ncor1,Hdac4
Hdac4,Ncor1
Ncor1,Sirt1
Sirt1,Ncor1
Bmp4,Lamb2
Egr1,Trp53
Trp53,Egr1
Egr1,Jun
Jun,Egr1
Egr1,Ccnd1
Ccnd1,Egr1
Egr1,Gnrh1
Gnrh1,Egr1
Zeb2,Trp53
Trp53,Zeb2
Zeb2,Smad2
Smad2,Zeb2
Rara,Rbbp4
Rbbp4,Rara
Rara,Meis1
Meis1,Rara
Rara,Ezh2
Ezh2,Rara
Rara,Ncoa3
Ncoa3,Rara
Rara,Eed
Eed,Rara
Rara,Ncoa6
Ncoa6,Rara
Rara,Pax6
Pax6,Rara
Rara,Pml
Pml,Rara
Bmp6,Bmper
Bmp4,Bmper
Trp53,Ccnb1
Ccnd1,Ccnb1
Mcm5,Ccnb1
Atm,Ccnb1
Tle1,Hdac1
Hdac1,Tle1
Tle1,Ldb1
Ldb1,Tle1
Tle1,Ctbp1
Ctbp1,Tle1
Tle1,Trrap
Trrap,Tle1
Tle1,Tcf4
Tcf4,Tle1
Tle1,Hes6
Hes6,Tle1
Tle1,Tcf7
Tcf7,Tle1
Hmga2,Sox2
Sox2,Hmga2
Hmga2,Trp53
Trp53,Hmga2
Hmga2,Smad2
Smad2,Hmga2
Sirt2,Trp53
Trp53,Sirt2
Phf1,Mtf2
Mtf2,Phf1
Phf1,Rbbp4
Rbbp4,Phf1
Phf1,Ezh2
Ezh2,Phf1
Phf1,Eed
Eed,Phf1
Phf1,Jarid2
Jarid2,Phf1
Mbd2,Rbbp4
Rbbp4,Mbd2
Mbd2,Hdac1
Hdac1,Mbd2
Mbd2,Ubtf
Ubtf,Mbd2
Mbd2,Hdac5
Hdac5,Mbd2
Mbd2,Hdac7
Hdac7,Mbd2
Mbd2,Satb2
Satb2,Mbd2
Mbd2,Hdac4
Hdac4,Mbd2
Mbd2,Rere
Rere,Mbd2
Mbd2,Hdac10
Hdac10,Mbd2
Bmp4,Fgf3
Bmp4,Sox2
Sox2,Bmp4
Bmp4,Apoe
Bmp4,Notum
Bmp4,Otx2
Otx2,Bmp4
Bmp4,Spp1
Bmp4,Vegfa
Bmp4,Prdm1
Prdm1,Bmp4
Bmp4,Pax6
Pax6,Bmp4
Bmp4,Smad2
Smad2,Bmp4
Rnf2,Rbbp4
Rbbp4,Rnf2
Rnf2,Ruvbl2
Ruvbl2,Rnf2
Rnf2,Ezh2
Ezh2,Rnf2
Rnf2,Yaf2
Yaf2,Rnf2
Rnf2,Ezh1
Ezh1,Rnf2
Rnf2,Cbx6
Cbx6,Rnf2
Rnf2,Phc1
Phc1,Rnf2
Rnf2,Taf1
Taf1,Rnf2
Rnf2,Eed
Eed,Rnf2
Rnf2,Rybp
Rybp,Rnf2
Rnf2,Ctbp1
Ctbp1,Rnf2
Rnf2,Scmh1
Scmh1,Rnf2
Rnf2,Mapk11
Mapk11,Rnf2
Rnf2,Jarid2
Jarid2,Rnf2
Rnf2,Cbx7
Cbx7,Rnf2
Rnf2,Asxl1
Asxl1,Rnf2
Pcbp2,Srsf3
Srsf3,Pcbp2
Ybx1,Srsf6
Srsf6,Ybx1
Ybx1,Papola
Papola,Ybx1
Ybx1,Hnrnpd
Hnrnpd,Ybx1
Ybx1,Elavl2
Elavl2,Ybx1
Ybx1,Trp53
Trp53,Ybx1
Ybx1,Wbp11
Wbp11,Ybx1
Ybx1,Ewsr1
Ewsr1,Ybx1
Ybx1,Plrg1
Plrg1,Ybx1
Ybx1,Snurf
Ybx1,Srsf3
Srsf3,Ybx1
Ybx1,Rbmx
Rbmx,Ybx1
Ybx1,Fus
Fus,Ybx1
Sox7,Sox2
Sox2,Sox7
Sox7,Sox4
Sox4,Sox7
Ctbp1,Ctbp2
Ctbp1,Scmh1
Scmh1,Ctbp1
Ctbp1,Tcf7
Tcf7,Ctbp1
Ctbp1,Hdac1
Hdac1,Ctbp1
Ctbp1,Phc1
Phc1,Ctbp1
Notch2,Maml3
Maml3,Notch2
Htt,Ezh2
Ezh2,Htt
Htt,Trp53
Trp53,Htt
Htt,Rest
Rest,Htt
Htt,Hdac4
Hdac4,Htt
Htt,Sirt1
Sirt1,Htt
Yaf2,Rybp
Rybp,Yaf2
Rest,Hdac1
Hdac1,Rest
Rapgef3,Gnas
Eya1,Sox2
Sox2,Eya1
Eya1,Atm
Atm,Eya1
Eya1,Pax6
Pax6,Eya1
Eya1,Tcof1
Tcof1,Eya1
Dab2,Lrp2
Thrap3,Ncoa3
Ncoa3,Thrap3
Thrap3,Med12
Med12,Thrap3
Ebf1,Gata3
Gata3,Ebf1
Ebf1,Zfp423
Zfp423,Ebf1
Pbx4,Meis1
Meis1,Pbx4
Mtf2,Rbbp4
Rbbp4,Mtf2
Mtf2,Ezh2
Ezh2,Mtf2
Mtf2,Ezh1
Ezh1,Mtf2
Mtf2,Eed
Eed,Mtf2
Mtf2,Jarid2
Jarid2,Mtf2
Ezh2,Rbbp4
Rbbp4,Ezh2
Ezh2,Ezh1
Ezh1,Ezh2
Ezh2,Cbx6
Cbx6,Ezh2
Ezh2,Ncoa3
Ncoa3,Ezh2
Ezh2,Eed
Eed,Ezh2
Ezh2,Trp53
Trp53,Ezh2
Ezh2,Rybp
Rybp,Ezh2
Ezh2,Ncoa6
Ncoa6,Ezh2
Ezh2,Jarid2
Jarid2,Ezh2
Ezh2,Cbx7
Cbx7,Ezh2
Ezh2,Asxl1
Asxl1,Ezh2
Ezh2,Ccnd1
Ccnd1,Ezh2
Ezh2,Hdac1
Hdac1,Ezh2
Ezh2,Tet2
Ezh2,Atm
Atm,Ezh2
Ezh2,Phc1
Phc1,Ezh2
Ezh2,Pax6
Pax6,Ezh2
Ezh2,Sirt1
Sirt1,Ezh2
Zfp42,Sox2
Sox2,Zfp42
Zfp42,Esrrb
Esrrb,Zfp42
Zfp42,Dppa4
Zfp42,Utf1
Utf1,Zfp42
Hdac10,Rbbp4
Rbbp4,Hdac10
Hdac10,Hdac5
Hdac5,Hdac10
Hdac10,Hdac1
Hdac1,Hdac10
Hdac10,Hdac7
Hdac7,Hdac10
Hdac10,Satb2
Satb2,Hdac10
Hdac10,Hdac4
Hdac4,Hdac10
Hdac10,Rere
Rere,Hdac10
Pml,Rbbp4
Rbbp4,Pml
Pml,Daxx
Daxx,Pml
Pml,Trp53
Trp53,Pml
Pml,Hdac1
Hdac1,Pml
Pml,Brpf1
Brpf1,Pml
Pml,Hdac7
Hdac7,Pml
Smurf1,Keap1
Keap1,Smurf1
Smurf1,Smurf2
Smurf2,Smurf1
Smurf1,Rnf14
Rnf14,Smurf1
Smurf1,Rnf6
Rnf6,Smurf1
Smurf1,Rlim
Rlim,Smurf1
Smurf1,Smad2
Smad2,Smurf1
Smad2,Lefty2
Elk4,Mapk11
Mapk11,Elk4
Tcf7,Gata3
Gata3,Tcf7
Tcf7,Hdac1
Hdac1,Tcf7
Tcf7,Ctbp2
Tcf7,Tead3
Tead3,Tcf7
Tcf7,Sox4
Sox4,Tcf7
Tcf7,Trrap
Trrap,Tcf7
Foxd3,Sox2
Sox2,Foxd3
Sos2,Fgfr3
Med12,Ncoa3
Ncoa3,Med12
Ncoa3,Gata3
Gata3,Ncoa3
Ncoa3,Mapk8
Mapk8,Ncoa3
Ncoa3,Ncoa6
Ncoa6,Ncoa3
Ncoa3,Rbbp4
Rbbp4,Ncoa3
Ncoa3,Usf1
Usf1,Ncoa3
Ncoa3,Jun
Jun,Ncoa3
Ncoa3,Meis1
Meis1,Ncoa3
Ncoa3,Esrrb
Esrrb,Ncoa3
Ncoa3,Eed
Eed,Ncoa3
Ncoa3,Pax6
Pax6,Ncoa3
Hdac7,Rbbp4
Rbbp4,Hdac7
Hdac7,Hdac5
Hdac5,Hdac7
Hdac7,Hdac1
Hdac1,Hdac7
Hdac7,Satb2
Satb2,Hdac7
Hdac7,Hdac4
Hdac4,Hdac7
Hdac7,Rere
Rere,Hdac7
Hdac7,Sirt1
Sirt1,Hdac7
Smarcc1,Smarcc2
Smarcc2,Smarcc1
Smarcc1,Ccnd1
Ccnd1,Smarcc1
Smarcc1,Hdac1
Hdac1,Smarcc1
Mapk11,Cbx6
Cbx6,Mapk11
Mapk11,Trp53
Trp53,Mapk11
Mapk11,Tcf12
Tcf12,Mapk11
Mapk11,Scmh1
Scmh1,Mapk11
Mapk11,Jun
Jun,Mapk11
Mapk11,Atf2
Atf2,Mapk11
Mapk11,Vegfa
Mapk11,Rapgef3
Rapgef3,Mapk11
Mapk11,Phc1
Phc1,Mapk11
Mapk11,Mapk8
Mapk8,Mapk11
Mapk11,Tcf4
Tcf4,Mapk11
Atf4,Edem1
Rai14,Stxbp2
Pax6,Sox2
Sox2,Pax6
Pax6,Rbbp4
Rbbp4,Pax6
Pax6,Etv1
Etv1,Pax6
Pax6,Meis1
Meis1,Pax6
Pax6,Eed
Eed,Pax6
Pax6,Klf4
Klf4,Pax6
Pax6,Ncoa6
Ncoa6,Pax6
Ddx20,Rbbp4
Rbbp4,Ddx20
Ddx20,Etv3
Etv3,Ddx20
Ddx20,Hdac5
Hdac5,Ddx20
Ddx20,Hdac1
Hdac1,Ddx20
Ddx20,Sirt1
Sirt1,Ddx20
Ssb,Srsf3
Srsf3,Ssb
Ssb,Matr3
Matr3,Ssb
Smurf2,Keap1
Keap1,Smurf2
Smurf2,Rnf14
Rnf14,Smurf2
Smurf2,Rnf6
Rnf6,Smurf2
Smurf2,Rlim
Rlim,Smurf2
Smurf2,Skil
Skil,Smurf2
Smurf2,Smad2
Smad2,Smurf2
Ccnd1,Sox2
Sox2,Ccnd1
Ccnd1,Smarcc2
Smarcc2,Ccnd1
Ccnd1,Trp53
Trp53,Ccnd1
Ccnd1,Klf4
Klf4,Ccnd1
Ccnd1,Igf2
Ccnd1,Jun
Jun,Ccnd1
Ccnd1,Vegfa
Ccnd1,Hdac1
Hdac1,Ccnd1
Ccnd1,Mapk8
Mapk8,Ccnd1
Ccnd1,Hdac4
Hdac4,Ccnd1
Jund,Mapk8
Mapk8,Jund
Jund,Jun
Jun,Jund
Jund,Atf2
Atf2,Jund
Utf1,Dppa4
Hdac4,Rbbp4
Rbbp4,Hdac4
Hdac4,Hdac5
Hdac5,Hdac4
Hdac4,Hdac1
Hdac1,Hdac4
Hdac4,Atm
Atm,Hdac4
Hdac4,Satb2
Satb2,Hdac4
Hdac4,Rere
Rere,Hdac4
Hdac4,Sirt1
Sirt1,Hdac4
Rbmxl2,Rbmx
Rbmx,Rbmxl2
Srsf6,Snurf
Papola,Snurf
Hnrnpd,Snurf
Elavl2,Snurf
Wbp11,Snurf
Plrg1,Snurf
Srsf3,Snurf
Rbmx,Snurf
Fus,Snurf
Asxl1,Tet2
Pias1,Satb1
Satb1,Pias1
Pias1,Trp53
Trp53,Pias1
Pias1,Satb2
Satb2,Pias1
Sox2,Esrrb
Esrrb,Sox2
Sox2,Sox4
Sox4,Sox2
Sox2,Trp53
Trp53,Sox2
Sox2,Klf4
Klf4,Sox2
Sox2,Otx2
Otx2,Sox2
Sox2,Hdac1
Hdac1,Sox2
Sox2,Tet1
Sox2,Utf1
Utf1,Sox2
Sox2,Prdm1
Prdm1,Sox2
Btaf1,Tbpl1
Tbpl1,Btaf1
Btaf1,Taf1
Taf1,Btaf1
Atf4,Hspa5
Mapk8,Hspa5
Apbb1,Rnf157
Trrap,Taf10
Taf10,Trrap
Trrap,Ruvbl2
Ruvbl2,Trrap
Trrap,Yeats2
Yeats2,Trrap
Trrap,Hdac1
Hdac1,Trrap
Trrap,Atm
Atm,Trrap
Rybp,Cbx7
Cbx7,Rybp
Rybp,Cbx6
Cbx6,Rybp
Rybp,Phc1
Phc1,Rybp
Cited1,Gata3
Gata3,Cited1
Taf1,Taf10
Taf10,Taf1
Taf1,Ruvbl2
Ruvbl2,Taf1
Taf1,Tcea1
Tcea1,Taf1
Taf1,Tbpl1
Tbpl1,Taf1
Taf1,Trp53
Trp53,Taf1
Hdac1,Gata3
Gata3,Hdac1
Hdac1,Rbbp4
Rbbp4,Hdac1
Hdac1,Etv3
Etv3,Hdac1
Hdac1,Ctbp2
Hdac1,Hdac5
Hdac5,Hdac1
Hdac1,Eed
Eed,Hdac1
Hdac1,Trp53
Trp53,Hdac1
Hdac1,Tgif1
Tgif1,Hdac1
Hdac1,Jun
Jun,Hdac1
Hdac1,Atf2
Atf2,Hdac1
Hdac1,Tet1
Hdac1,Ubtf
Ubtf,Hdac1
Hdac1,Brpf1
Brpf1,Hdac1
Hdac1,Irf1
Irf1,Hdac1
Hdac1,Satb2
Satb2,Hdac1
Hdac1,Smad2
Smad2,Hdac1
Hdac1,Rere
Rere,Hdac1
Hdac1,Sirt1
Sirt1,Hdac1
Rbbp4,Etv3
Etv3,Rbbp4
Rbbp4,Ezh1
Ezh1,Rbbp4
Rbbp4,Cbx6
Cbx6,Rbbp4
Rbbp4,Hdac5
Hdac5,Rbbp4
Rbbp4,Eed
Eed,Rbbp4
Rbbp4,Trp53
Trp53,Rbbp4
Rbbp4,Ncoa6
Ncoa6,Rbbp4
Rbbp4,Jarid2
Jarid2,Rbbp4
Rbbp4,Cbx7
Cbx7,Rbbp4
Rbbp4,Asxl1
Asxl1,Rbbp4
Rbbp4,Ubtf
Ubtf,Rbbp4
Rbbp4,Phc1
Phc1,Rbbp4
Rbbp4,Brpf1
Brpf1,Rbbp4
Rbbp4,Satb2
Satb2,Rbbp4
Rbbp4,Rere
Rere,Rbbp4
Rbbp4,Sirt1
Sirt1,Rbbp4
Elavl2,Srsf6
Srsf6,Elavl2
Elavl2,Papola
Papola,Elavl2
Elavl2,Hnrnpd
Hnrnpd,Elavl2
Elavl2,Wbp11
Wbp11,Elavl2
Elavl2,Plrg1
Plrg1,Elavl2
Elavl2,Srsf3
Srsf3,Elavl2
Elavl2,Rbmx
Rbmx,Elavl2
Elavl2,Fus
Fus,Elavl2
Creb3,Atf4
Atf4,Creb3
Creb3,Atf2
Atf2,Creb3
Sox4,Gata3
Gata3,Sox4
Sox4,Trp53
Trp53,Sox4
Gata3,Satb1
Satb1,Gata3
Gata3,Tcf12
Tcf12,Gata3
Gata3,Jun
Jun,Gata3
Gata3,Atf2
Atf2,Gata3
Gata3,Ldb1
Ldb1,Gata3
Hmga1,Trp53
Trp53,Hmga1
Hmga1,Cbx7
Cbx7,Hmga1
Cnot2,Cnot8
Cnot8,Cnot2
Cnot2,Cnot6
Cnot6,Cnot2
Cnot2,Cnot7
Cnot7,Cnot2
Sirt1,Etv3
Etv3,Sirt1
Sirt1,Ezh1
Ezh1,Sirt1
Sirt1,Hdac5
Hdac5,Sirt1
Sirt1,Trp53
Trp53,Sirt1
Sirt1,Jun
Jun,Sirt1
Sirt1,Atm
Atm,Sirt1
Sirt1,Mapk8
Mapk8,Sirt1
Prdm1,Bach2
Bach2,Prdm1
Rere,Hdac5
Hdac5,Rere
Rere,Satb2
Satb2,Rere
Trp53,Igf2
Fus,Srsf6
Srsf6,Fus
Fus,Papola
Papola,Fus
Fus,Hnrnpd
Hnrnpd,Fus
Fus,Srsf3
Srsf3,Fus
Fus,Rbmx
Rbmx,Fus
Fus,Wbp11
Wbp11,Fus
Fus,Plrg1
Plrg1,Fus
Scmh1,Cbx6
Cbx6,Scmh1
Scmh1,Phc1
Phc1,Scmh1
Jun,Atf4
Atf4,Jun
Jun,Bcl3
Bcl3,Jun
Jun,Trp53
Trp53,Jun
Jun,Ncoa6
Ncoa6,Jun
Jun,Atf2
Atf2,Jun
Jun,Vegfa
Jun,Mapk8
Mapk8,Jun
Hdac5,Etv3
Etv3,Hdac5
Hdac5,Satb2
Satb2,Hdac5
Eed,Ezh1
Ezh1,Eed
Eed,Cbx6
Cbx6,Eed
Eed,Phc1
Phc1,Eed
Eed,Ncoa6
Ncoa6,Eed
Eed,Jarid2
Jarid2,Eed
Eed,Cbx7
Cbx7,Eed
Eed,Asxl1
Asxl1,Eed
Ezh1,Cbx6
Cbx6,Ezh1
Ezh1,Jarid2
Jarid2,Ezh1
Ezh1,Cbx7
Cbx7,Ezh1
Ezh1,Asxl1
Asxl1,Ezh1
Ezh1,Phc1
Phc1,Ezh1
Ezh1,Zfp423
Zfp423,Ezh1
Klf4,Esrrb
Esrrb,Klf4
Klf4,Trp53
Trp53,Klf4
Klf4,Utf1
Utf1,Klf4
Klf4,Tcf4
Tcf4,Klf4
Ruvbl2,Yeats2
Yeats2,Ruvbl2
Trp53,Taf10
Taf10,Trp53
Trp53,Daxx
Daxx,Trp53
Trp53,Usf1
Usf1,Trp53
Trp53,Tbpl1
Tbpl1,Trp53
Trp53,Apbb1
Apbb1,Trp53
Trp53,Spp1
Trp53,Vegfa
Trp53,Atm
Atm,Trp53
Trp53,Skil
Skil,Trp53
Trp53,Pias2
Pias2,Trp53
Trp53,Mapk8
Mapk8,Trp53
Trp53,Brpf1
Brpf1,Trp53
Trp53,Irf1
Irf1,Trp53
Trp53,Smad2
Smad2,Trp53
Atf7,Atf2
Atf2,Atf7
Cnot8,Cnot6
Cnot6,Cnot8
Cnot8,Cnot7
Cnot7,Cnot8
Hnrnpab,Hnrnpd
Hnrnpd,Hnrnpab
Nfatc3,Mapk8
Mapk8,Nfatc3
Nfatc3,Nfatc1
Nfatc1,Nfatc3
Atf4,Mapk8
Mapk8,Atf4
Atf4,Satb2
Satb2,Atf4
Atf4,Atf2
Atf2,Atf4
Cbx7,Cbx6
Cbx6,Cbx7
Cbx7,Phc1
Phc1,Cbx7
Cbx7,Asxl1
Asxl1,Cbx7
Cbx6,Phc1
Phc1,Cbx6
Cbx6,Asxl1
Asxl1,Cbx6
Zfp423,Zfp219
Zfp219,Zfp423
Ncoa6,Meis1
Meis1,Ncoa6
Asxl1,Phc1
Phc1,Asxl1
Papola,Srsf6
Srsf6,Papola
Papola,Hnrnpd
Hnrnpd,Papola
Papola,Wbp11
Wbp11,Papola
Papola,Plrg1
Plrg1,Papola
Papola,Srsf3
Srsf3,Papola
Papola,Rbmx
Rbmx,Papola
Esrrb,Otx2
Otx2,Esrrb
Esrrb,Utf1
Utf1,Esrrb
Cops2,Keap1
Keap1,Cops2
Cux2,Satb2
Satb2,Cux2
Nfkb2,Bcl3
Bcl3,Nfkb2
Mapk8,Daxx
Daxx,Mapk8
Mapk8,Nfatc1
Nfatc1,Mapk8
Mapk8,Atf2
Atf2,Mapk8
Mapk8,Apbb1
Apbb1,Mapk8
Mapk8,Vegfa
Mapk8,Rapgef3
Rapgef3,Mapk8
Mapk8,Atm
Atm,Mapk8
Mapk8,Smad2
Smad2,Mapk8
Atf2,Atm
Atm,Atf2
Mcm5,Rif1
Atm,Rif1
Wwtr1,Amot
Srsf6,Nxf7
Srsf3,Nxf7
Utf1,Dppa2
Rbmx,Srsf6
Srsf6,Rbmx
Rbmx,Hnrnpd
Hnrnpd,Rbmx
Rbmx,Srsf3
Srsf3,Rbmx
Rbmx,Wbp11
Wbp11,Rbmx
Rbmx,Plrg1
Plrg1,Rbmx
Tead3,Wwtr1
Wwtr1,Tead3
Tcf4,Tcf12
Tcf12,Tcf4
Tcf4,Ldb1
Ldb1,Tcf4
Wbp11,Srsf6
Srsf6,Wbp11
Wbp11,Plrg1
Plrg1,Wbp11
Wbp11,Hnrnpd
Hnrnpd,Wbp11
Wbp11,Srsf3
Srsf3,Wbp11
Rlim,Keap1
Keap1,Rlim
Rlim,Rnf14
Rnf14,Rlim
Rlim,Rnf6
Rnf6,Rlim
Rlim,Ldb1
Ldb1,Rlim
Wwtr1,Smad2
Smad2,Wwtr1
Skil,Smad2
Smad2,Skil
Atm,Apbb1
Apbb1,Atm
Lmo4,Ldb1
Ldb1,Lmo4
Tbpl1,Taf10
Taf10,Tbpl1
Plrg1,Srsf6
Srsf6,Plrg1
Plrg1,Hnrnpd
Hnrnpd,Plrg1
Plrg1,Srsf3
Srsf3,Plrg1
Srsf3,Srsf6
Srsf6,Srsf3
Srsf3,Hnrnpd
Hnrnpd,Srsf3
Srsf3,Matr3
Matr3,Srsf3
Cnot7,Cnot6
Cnot6,Cnot7
Taf10,Tcea1
Tcea1,Taf10
Ldb1,Tcf12
Tcf12,Ldb1
Srsf6,Hnrnpd
Hnrnpd,Srsf6
Rnf6,Keap1
Keap1,Rnf6
Rnf6,Rnf14
Rnf14,Rnf6
Rnf14,Keap1
Keap1,Rnf14
Klf3,Ctbp2
Smad2,Keap1
Keap1,Smad2
Smad2,Tgif1
Tgif1,Smad2
